388.2034,14.1391,6.3824,7.9238,8.5586,7.0046,16.6699,12.7950,4.4598,6.6443,6.8684,5.2139,15.1369
291.1925,65.2361,52.6029,9.1646,2.0642,0.5751,8.1114,33.7954,9.0436,14.1646,9.0678,1.1864,3.7954
38.6402,13.4079,7.1263,15.5722,15.8361,12.7745,23.8070,27.1326,44.1301,48.2475,35.8425,99.1871,118.2960
104.6687,67.9413,66.6074,26.1450,27.7012,30.1023,60.7826,6.9364,8.7150,18.1414,22.6323,30.0133,29.6132
42.7241,22.7771,10.7267,16.0672,14.2870,8.7639,217.3179,22.9596,9.5399,24.4659,34.2797,48.6124,27.4785
48.4170,30.5914,50.2275,26.1350,23.7211,15.2261,11.0018,23.9068,19.1254,68.1459,101.7083,38.8079,42.9858
92.0665,23.7530,20.8551,128.9311,28.0285,15.4394,17.2922,10.9264,11.6865,51.6865,51.5439,15.1544,32.6366
31.5657,53.6616,79.6717,58.9646,41.2247,18.7500,19.6970,20.3283,45.1389,48.8636,24.6212,10.9848,46.5278
34.9547,38.3637,79.5767,76.0151,117.0245,15.9255,29.0017,26.3560,21.6241,25.7454,14.0429,10.4304,10.9392
104.8785,79.6638,77.5626,82.9070,60.5244,33.7109,8.4049,12.0592,6.5777,6.3494,6.5321,3.7000,17.1295
104.4148,20.4349,26.6091,33.0019,31.5266,13.6597,31.2534,113.4302,28.4122,17.8669,31.3081,26.4452,21.6370
17.6008,38.1621,37.0671,23.4407,21.7374,12.7342,148.5522,74.3369,28.0234,31.1055,26.3606,17.0736,23.8057
32.1916,24.1437,17.8133,19.3836,72.7746,59.6231,54.8631,53.8816,45.1467,48.3855,62.2730,4.0239,5.4961
16.6646,35.3888,34.9519,19.2860,18.3498,18.7243,99.2385,123.6425,16.8518,17.8505,26.7757,34.7647,37.5109
13.3586,125.8020,17.5134,21.6157,24.7712,51.2780,45.7032,27.8216,18.6179,25.0342,47.2810,60.5869,20.6164
22.5484,18.4625,11.9552,26.1804,32.3345,72.8914,42.9278,18.6138,17.7563,41.5153,84.9475,60.2300,49.6368
332.0399,27.8654,5.1701,12.3977,9.4768,6.2468,26.7355,20.8937,4.1468,9.3169,9.5514,6.6839,29.4751
238.8666,17.6720,5.2427,9.8374,13.1362,14.9623,84.2366,56.6682,6.3030,11.8402,11.1334,9.7785,20.3228
192.2368,14.1003,6.1288,8.5323,13.7398,24.1147,67.9378,70.1410,6.1689,4.2862,5.3677,6.6496,80.5961
117.3042,19.0300,14.5344,26.3830,27.7545,27.6783,71.2816,103.8174,19.8110,13.8487,12.0200,9.3721,37.1647
122.8191,54.7329,24.2960,43.8667,53.5660,13.6019,38.5866,46.3537,20.6994,24.3725,23.0716,13.8124,20.2212
32.7996,21.3003,20.9122,21.7370,17.2246,16.8365,30.2766,47.9864,70.2572,67.2489,60.6987,54.6337,38.0883
22.7435,13.9583,11.4163,12.7096,20.2462,23.0111,42.4099,73.8494,83.8387,61.3628,57.5722,56.9925,19.8894
21.1064,19.6636,33.8033,56.7236,40.6464,33.0613,60.0627,71.4403,64.4736,42.2129,28.6091,13.9748,14.2221
28.5469,18.2902,10.2061,12.2777,10.8630,8.5893,10.7114,15.8650,21.9281,55.4770,88.1669,179.9212,39.1572
121.9888,54.9239,16.6892,19.5799,31.7402,20.5820,20.5242,18.8090,11.1004,25.7275,54.1916,42.0312,62.1122
18.6340,9.0165,20.4749,88.2110,70.9294,63.3030,36.2537,26.4107,29.9046,56.1274,39.2967,25.1334,16.3048
232.0078,11.8548,16.4286,24.9230,20.6291,10.2679,13.7216,17.1287,21.9360,45.8322,50.4527,19.6957,15.1218
259.4538,23.8198,37.7842,53.2625,31.3581,36.9192,16.4669,16.4051,3.4293,3.3366,5.4684,2.2244,10.0717
13.3499,15.1875,23.0245,30.0508,31.9965,18.5385,21.4571,216.5712,24.8622,34.1585,32.6992,26.3215,11.7825
15.7470,33.9265,13.1865,26.8852,17.9234,8.5136,9.7939,56.0108,57.4830,130.7131,77.5189,20.4199,31.8781
34.8239,34.0449,30.6949,38.6413,31.3961,54.1446,41.1343,49.0028,25.5531,47.2110,59.8317,26.9554,26.5659
54.4959,38.0462,50.2069,104.7533,51.7711,10.5460,11.7570,10.8487,21.1929,25.9865,47.2803,36.5324,36.5829
92.9103,20.0339,32.9971,84.4725,115.3484,41.1049,21.1653,18.3369,15.6029,20.1754,13.4817,8.9563,15.4143
73.8060,29.9360,24.5692,47.3166,59.0842,22.6982,25.7016,24.1753,21.5165,45.5441,44.2639,33.4810,47.9074
393.5054,12.9977,3.8909,10.0518,6.8209,2.4127,14.2595,14.1803,3.7219,13.6893,10.1522,2.5869,11.7307
221.1964,57.3844,48.8833,29.3745,19.2975,11.5271,20.6221,14.2847,5.7550,19.3717,23.2313,7.4678,21.6041
213.7714,23.2898,12.3365,18.4916,15.2817,10.9798,48.3004,50.8352,12.2770,22.5949,26.3938,17.3995,28.0484
358.8130,3.7418,1.2443,2.6050,5.2547,5.4158,44.8483,24.5009,21.1172,17.1247,7.6358,3.1868,4.5117
168.2213,27.7189,21.2529,51.1978,38.1068,7.1020,18.0199,18.4439,14.6809,52.3108,43.5128,11.0240,28.4079
146.3298,44.0738,13.9370,44.8623,42.5138,15.3255,38.3138,38.3653,10.3713,30.4282,28.7825,10.9542,35.7424
143.7728,47.7764,17.0102,30.5197,30.4211,18.4400,34.6613,30.7169,11.9318,23.1240,28.9912,18.0456,64.5893
342.2413,41.6630,9.1562,21.4667,6.0895,3.1981,9.8572,5.6515,1.9714,9.7258,13.6248,4.3372,31.0173
391.0841,13.3554,5.0198,15.2436,9.5791,3.8685,9.1646,8.9343,4.6974,10.3159,11.0988,4.3290,13.3094
483.2641,2.9007,0.3103,1.3922,1.7014,0.4620,0.4688,0.7416,0.3991,1.7083,2.5576,0.6866,3.4075
450.9135,4.4230,2.2930,5.8233,4.2007,1.5410,1.6818,1.2373,1.3595,16.5215,4.2156,1.4669,4.3230
47.7112,2.4704,2.5398,9.3160,21.4993,36.4208,221.3723,52.8107,45.5483,28.6525,21.1917,7.2227,3.2442
6.5053,5.4408,24.4835,295.1427,99.4717,8.7920,3.7060,3.2329,5.7956,28.2290,11.0787,4.0214,4.1003
218.3531,34.1312,9.6345,13.0217,10.5634,8.0619,24.9849,22.2889,10.1659,26.5921,24.9244,38.1405,59.1376
260.1458,45.0920,1.4701,3.2021,3.0191,1.4617,4.5652,6.2916,2.1010,4.9736,7.9561,23.6965,136.0252
193.7532,5.8398,0.4696,4.8937,2.2188,0.5921,8.9774,23.0936,69.5666,64.6933,74.4807,33.8338,17.5873
121.3620,9.1988,4.0745,9.5210,5.3426,1.5695,28.8334,45.2665,89.2337,68.0817,69.8487,31.3487,16.3188
130.7869,7.5329,3.6417,3.5420,1.4467,0.7317,24.0788,50.1862,95.3838,78.6717,70.5567,19.8217,13.6191
97.4367,4.6422,0.4205,4.3227,3.9190,0.8578,29.2159,69.9028,83.5268,85.7133,77.1857,28.6945,14.1622
135.4358,2.6180,0.1568,2.9075,1.7373,0.3619,13.7656,45.3745,68.5624,88.3602,84.7047,40.7176,15.2978
404.8569,0.1716,0.0619,0.6505,0.3332,0.0539,0.3592,1.7978,5.8522,12.5843,20.3240,34.7678,18.1870
375.3015,3.2508,4.3140,18.4137,20.4219,13.2944,25.3383,15.8686,2.5247,5.5670,5.4136,6.3172,3.9744
372.6838,12.9040,6.1764,10.3064,6.8351,3.1117,7.6517,7.6786,6.5797,12.8502,17.2053,16.1367,19.8802
342.5174,16.7333,13.2323,23.5810,16.1370,16.1931,14.8390,15.8774,7.1494,13.1832,8.4403,4.0413,8.0755
140.8082,0.1939,0.1417,17.4006,92.1194,169.9186,71.4669,4.8629,0.2685,1.3351,0.7906,0.3282,0.3655
12.4354,4.9041,7.0497,15.1940,15.3253,23.4697,198.7477,161.7480,10.7715,16.8579,18.5218,7.7502,7.2248
31.0860,9.4118,10.4072,16.2896,19.5475,61.4480,218.3710,49.9095,16.7873,17.0588,20.1357,15.2489,14.2986
45.7094,15.0065,12.4191,27.7275,47.5205,242.6908,29.8404,14.2303,10.3493,11.7723,10.3493,13.7559,18.6287
38.2591,9.4095,5.0492,13.1823,25.2688,83.1827,164.0498,98.1159,6.1337,16.7405,16.1418,14.5378,9.9291
28.0899,11.2360,13.0519,42.1065,183.0666,19.4643,20.5993,27.5792,44.4898,53.3992,35.8075,12.0304,9.0796
25.2799,15.1863,35.9240,140.5304,107.7721,88.3648,15.8286,8.9466,5.3221,15.1863,22.4353,8.2125,11.0112
25.8287,12.7327,7.6638,17.3863,20.3446,93.7824,172.9119,123.0365,2.5950,6.9199,6.6431,2.8372,7.3178
104.9603,51.5105,28.3331,23.5163,14.5844,6.4960,44.0291,108.3738,7.6785,13.1811,35.6490,18.5813,43.1067
100.4518,24.0842,33.8470,76.4079,78.5461,34.2504,19.8080,14.3214,9.6821,16.5806,29.3690,39.0108,23.6405
127.3163,1.3174,2.2245,38.9832,232.2362,26.2192,4.3195,3.2396,9.4164,29.7611,22.8716,1.2958,0.7991
25.1182,6.1212,11.4826,182.8352,248.3958,7.8521,5.4880,1.1398,0.6332,3.8838,3.0817,1.4353,2.5329
21.0947,8.8503,11.2133,72.9936,277.5391,25.7776,15.7673,7.4325,7.5614,27.1524,15.6384,4.0385,4.9407
45.3753,9.4992,10.1818,169.9541,119.4225,17.8945,12.3460,9.9349,7.8579,40.9743,39.1733,9.2232,8.1629
29.3924,7.1970,11.4273,132.7876,115.4818,10.1637,8.3507,6.9773,8.2409,46.0938,107.5157,8.0211,8.3507
38.8106,17.5227,20.0328,95.2887,101.4675,12.6472,13.9506,11.4404,10.6681,41.9965,61.2570,49.4787,25.4393
53.5442,46.1186,33.6357,23.0393,23.5611,18.3030,14.7307,25.5278,22.5576,26.2904,69.4389,64.3012,78.9516
135.3402,27.9863,14.3766,19.1517,35.5631,31.8820,37.0560,45.7780,33.3851,42.8536,19.3051,18.4564,38.8658
28.1972,18.5613,11.7229,17.4956,73.7567,45.6039,46.7584,105.8171,29.6625,30.7726,20.6039,42.6732,28.3748
31.4398,2.0782,3.0374,90.5894,120.4839,48.3054,72.5248,44.7085,15.4801,57.6308,10.6309,1.2523,1.8384
166.2864,38.6417,17.9498,47.8113,29.9163,8.4128,14.7141,23.5821,13.0798,37.2542,48.0800,12.6959,41.5757
255.5638,15.1634,36.2943,57.5976,51.4025,6.7332,8.5751,12.4039,6.5538,11.9279,16.4397,10.2722,11.0725
22.5444,9.9567,77.6929,31.6756,29.1735,34.3066,35.3642,31.5208,21.7447,81.4331,107.7693,11.5043,5.3137
35.3075,8.5421,8.5421,29.9194,225.4249,13.9303,11.6086,9.9001,9.5935,32.2411,83.7568,19.4498,11.7838
19.0487,7.6423,8.1556,23.5542,122.6759,20.3604,17.5659,17.8510,17.0526,131.0597,89.5974,13.2885,12.1478
10.4546,20.9629,16.5130,43.8559,86.5859,39.1915,36.4036,17.5852,11.6341,32.8651,74.7373,62.4598,46.7510
6.6993,23.4719,15.2567,24.4988,32.2738,64.0098,96.1858,43.3741,25.6235,35.5990,51.4425,49.0954,32.4694
14.0687,6.9912,5.8692,11.2636,14.5866,15.5360,282.7550,96.1505,13.4214,12.5151,8.2427,9.0627,9.5374
42.8980,9.5527,9.4634,19.8197,23.2122,140.4785,155.4772,25.1317,21.3820,16.1146,11.5615,11.2490,13.6595
40.0548,29.1424,18.0589,47.6292,75.5734,200.4451,12.0250,4.7073,2.6532,6.8898,9.9281,20.1986,32.6943
38.2350,7.1208,3.9608,12.4542,19.3177,90.0395,168.8258,87.2512,6.5345,18.1309,18.8458,16.7296,12.5543
41.6716,14.4454,15.8721,98.7397,53.2041,12.1864,15.4560,15.5748,15.4560,62.1805,99.4531,38.6993,17.0610
28.3533,13.8495,15.4308,150.6543,120.3381,13.7950,11.7230,10.6325,10.5780,47.2737,50.5453,15.0491,11.7775
16.0728,3.3641,3.7379,18.5647,53.9912,164.8808,198.5215,12.0027,3.8209,12.7087,8.9708,1.7028,1.6613
76.4447,100.7785,30.8624,17.6220,10.5435,8.5666,39.1192,155.4991,12.3546,7.8029,9.2037,10.5522,20.6506
382.2678,3.2569,1.5682,3.7394,3.0961,1.7692,1.0856,2.0909,3.4982,14.7969,23.6429,47.9292,11.2585
312.8694,1.5768,0.9350,3.5062,7.8324,27.6849,58.5313,35.5847,20.3081,12.1191,9.0012,6.9925,3.0585
253.7586,15.7328,6.0790,14.0012,11.6274,6.6608,21.8257,36.0597,16.3798,22.6962,46.3000,26.7271,22.1516
142.3954,43.9217,19.0786,19.4054,13.1742,14.7495,17.1066,20.4205,19.7321,31.8677,59.5113,45.7187,52.9184
126.3674,28.1905,9.7995,18.7557,8.6828,5.4923,9.5716,10.5287,22.5843,87.0556,84.2981,46.3081,42.3655
164.5761,10.2797,5.6010,24.0140,46.6696,14.8410,17.9266,12.2250,30.5205,60.6050,73.4840,26.4791,12.7784
41.9660,43.8301,90.0700,165.1814,54.9695,3.0008,15.9589,1.6368,1.4549,7.2292,14.1857,24.5067,36.0098
408.2563,10.3762,10.6790,8.5113,10.0096,7.5869,4.1919,4.6701,3.2993,12.5598,13.0061,3.0921,3.7616
479.3781,1.6009,0.6404,1.8143,2.2650,0.9605,4.2216,3.2611,0.4269,1.6958,1.2096,0.7708,1.7551
24.3219,7.9114,10.0814,21.7902,20.5244,69.8915,257.2785,27.1248,13.8788,13.6528,12.7939,11.0307,9.7197
42.0060,19.9628,17.4398,33.1091,55.8162,205.7365,24.0351,16.8644,12.8364,12.2167,12.3052,19.2989,28.3729
44.7071,5.5188,3.6452,11.2534,20.6105,84.8947,151.8362,98.9076,17.9305,19.7475,16.6019,15.0235,9.3230
27.6365,13.7179,23.2869,136.3758,54.4031,11.3758,10.1713,12.1788,11.2420,47.1092,121.9888,18.1344,12.3796
37.6599,11.0341,9.7548,66.3113,92.8305,147.7878,44.7228,11.4339,11.6738,31.8763,18.3902,7.5693,8.9552
18.8312,8.7804,4.6584,9.4297,10.1355,15.4997,101.9763,283.4557,8.6674,16.5726,12.2530,3.5855,6.1547
17.8465,30.4366,7.1217,12.6749,19.4574,25.1802,222.8063,39.5083,13.5227,16.4900,16.1509,17.5498,61.2548
85.2293,86.2278,36.2611,12.9376,6.8102,4.5998,55.4797,120.0481,12.0244,6.8358,8.9437,9.3960,55.2066
96.1520,5.7482,2.5178,9.6912,9.6912,4.1330,18.7173,30.4988,105.7957,106.2233,29.3112,59.6675,21.8527
54.1762,1.4441,2.0497,16.2342,250.6405,65.0766,28.5787,52.2896,16.4671,8.8042,3.2608,0.1863,0.7919
36.8113,8.7818,7.8194,74.9058,301.5879,6.4560,5.4936,4.0901,3.2080,8.0600,18.5660,13.0724,11.1476
45.2535,9.5414,8.7236,54.8252,292.5123,18.9617,9.2991,7.5725,3.6651,10.6924,20.1127,8.1783,10.6621
45.7442,7.6942,6.6422,30.7466,340.2861,15.0577,12.3527,7.6040,4.4482,9.1068,10.4893,5.1395,4.6886
38.1755,9.2429,7.6847,36.0861,200.8641,19.6898,20.8584,17.1046,19.7252,24.2227,31.0929,56.6258,18.6274
294.9397,14.4473,17.9430,26.3705,35.3592,11.0552,8.1316,8.0582,9.5308,29.7367,21.8124,8.6088,14.0068
176.8562,21.1507,34.5846,51.8603,20.8354,6.7045,9.0361,19.3003,43.1478,48.7570,29.5396,16.1140,22.1132
36.0121,0.2100,0.1050,17.1606,167.9304,224.5584,45.8422,6.2383,0.1470,1.0187,0.5146,0.0630,0.1995
9.4631,1.7509,1.7092,5.1693,8.2958,20.8854,237.5354,181.2573,7.0035,10.8388,8.9628,2.5846,4.5439
27.2360,7.6467,9.7517,15.0357,18.5583,42.3146,308.0162,19.2886,13.8328,10.9975,10.3102,8.2911,8.7207
47.9534,10.3185,10.2329,22.1785,37.9774,229.7911,55.0180,18.7960,15.2423,12.3737,12.0740,11.8599,16.1843
54.9433,9.5441,5.9797,19.1821,38.8800,222.0008,72.2259,9.2158,5.0417,13.5072,19.2993,18.3379,11.8422
20.7474,1.9008,0.7311,3.5091,4.9566,24.5782,118.7531,215.0189,74.7580,18.6566,10.0886,3.4798,2.8219
52.4560,12.9990,16.3925,120.8444,67.7557,16.3350,13.8617,17.1977,20.5913,84.9534,50.5579,11.0434,15.0121
33.4665,26.8901,32.9793,195.4891,50.9548,10.4735,8.7685,7.4532,7.9404,31.1282,49.1037,25.1364,20.2163
19.2892,8.9763,7.8378,19.5697,14.5205,3.8941,43.2315,335.3244,15.9230,11.2699,9.5208,3.8611,6.7817
19.9453,26.0978,11.3801,26.7814,20.7898,15.0394,99.8874,218.6746,15.4013,17.0098,11.0986,4.1017,13.7928
77.8228,168.6566,38.8481,23.1491,7.3918,5.2687,18.3966,71.6387,12.3098,18.2505,15.2899,18.6985,24.2788
331.1493,5.8196,13.2671,60.4753,12.9416,1.0988,1.3837,2.2790,2.6046,18.2321,13.1043,27.7552,9.8893
146.6442,62.2039,15.2704,26.1185,24.9464,55.0965,55.5038,42.4113,18.4957,12.3527,9.3850,7.3484,24.2232
20.0783,1.8913,0.9236,6.3776,15.2621,129.8162,245.7336,55.9245,6.4215,6.7954,5.2560,2.3751,3.1448
31.8187,1.6271,1.7778,15.5779,75.2682,132.1261,131.8549,56.9784,22.8094,16.6626,8.4970,2.0791,2.9227
124.5734,5.0693,3.6137,10.6906,20.4025,39.6758,110.0683,32.4483,34.4559,62.6129,17.0648,27.3790,11.9454
250.9429,21.9040,10.2742,9.1468,15.2872,4.5969,27.4672,54.4781,13.9920,23.4944,17.9849,14.0591,36.3724
173.4140,13.6293,7.9100,13.7910,9.6763,3.6741,46.1747,46.7568,45.3866,67.6251,24.6637,24.4455,22.8529
110.9283,27.7908,14.2872,56.7309,22.8021,8.5410,10.8395,15.8282,20.7125,53.0742,69.7122,51.2720,37.4811
100.4735,48.5243,33.0314,91.3019,25.3310,3.7238,4.4823,10.5508,31.9281,70.9820,32.8705,16.5732,30.2271
178.9521,5.0027,0.2809,5.7467,103.9187,82.3667,44.9031,52.6008,1.0932,1.0097,0.5542,1.4348,22.1365
10.4033,5.5854,4.0078,8.5700,11.2134,12.4925,246.5251,156.6471,10.4033,9.7212,10.7444,5.9691,7.7172
33.4456,9.8744,13.1507,23.0251,24.5268,114.9436,193.7113,20.9774,13.0142,16.1540,15.3804,10.6480,11.1485
35.7366,24.0620,16.1750,40.2816,71.8742,211.1220,9.8030,6.6393,3.7875,6.2383,11.8082,29.7656,32.7065
41.5158,3.5108,3.0070,9.7768,16.5937,99.7198,180.9723,77.3324,6.8485,17.1605,21.9938,14.9721,6.5966
49.7107,15.4810,28.8194,25.6589,12.7491,5.9460,121.9734,172.6484,7.5530,17.4630,22.4448,10.0707,9.4815
28.5251,33.1713,27.0665,187.3582,64.9919,23.4468,20.0972,14.3166,10.7509,31.1723,23.0686,11.3992,24.6353
100.3312,20.3103,14.9059,110.8351,29.9861,14.3828,14.6879,14.9930,25.1918,42.7127,39.7925,42.7563,29.1144
119.2064,20.0009,14.3157,31.3485,37.1478,42.5362,63.1536,31.5540,25.5719,36.3715,23.3801,22.9234,32.4901
69.3068,57.5582,4.4015,7.1327,8.1033,6.3540,59.7364,106.3472,38.5866,31.9166,31.9730,17.8656,60.7182
41.2353,10.2819,10.3358,64.3874,93.6152,32.9307,21.5523,12.8703,9.0955,30.2703,73.5368,73.0695,26.8191
162.3904,9.1939,4.5970,14.5392,16.7843,4.5970,4.9177,9.6216,13.3633,43.0832,85.3111,104.2335,27.3680
151.6669,1.0013,2.8272,103.8403,199.7880,10.7787,7.9515,4.3586,2.3560,5.7133,7.9515,0.7657,1.0013
163.8249,7.8929,9.6804,102.7996,103.2121,37.5392,13.7231,8.2229,9.3229,22.2485,7.3153,5.3627,8.8554
162.7082,4.3835,8.1294,125.0498,168.3669,2.5504,1.1158,2.2316,6.5753,9.3648,2.1918,1.3948,5.9377
163.3471,2.1151,3.3489,90.2882,206.5304,14.0125,4.3624,2.9523,2.0710,4.6708,5.1555,0.2644,0.8813
117.2299,3.4073,3.2231,40.9338,165.8532,80.3481,24.7260,22.1015,8.2420,26.1995,4.8347,1.2893,1.6116
41.5819,4.2192,3.2534,161.2952,269.3676,7.9809,3.0500,1.2708,0.6100,2.1350,2.7450,0.5592,1.9317
58.8956,13.3111,12.4940,169.0270,108.0207,13.3451,11.9834,9.3961,7.2513,30.1968,33.7033,16.9197,15.4558
21.1036,13.7285,17.3716,214.6348,97.6986,15.0169,13.8617,10.1742,11.1516,31.1001,33.0993,10.6184,10.4407
37.2702,19.9782,11.5420,74.9182,31.3943,7.8905,6.3376,7.5128,9.5274,29.5056,154.0754,81.8853,28.1625
347.2824,7.3694,2.0431,3.3230,2.5320,4.1338,18.3240,23.2370,11.0382,22.7401,31.4768,13.9279,12.5724
232.1289,49.5507,35.1919,20.0350,11.4279,4.5822,11.5105,22.4774,20.0694,20.7574,24.2112,14.1318,33.9259
215.6123,30.0008,51.4569,40.5941,8.6390,4.0971,14.7713,22.7365,16.4829,12.0758,36.2139,28.3296,18.9897
172.9927,0.7009,4.3804,14.7510,111.0320,127.8199,55.7077,8.1475,0.5037,1.2046,1.1389,0.3723,1.2484
36.1372,0.8934,3.5034,64.6195,123.4760,95.4316,130.0098,40.1661,0.7007,2.0495,1.7517,0.4379,0.8233
9.7872,4.5730,4.5730,10.3000,12.9498,10.1291,177.5793,218.2238,15.6851,12.2233,9.9581,7.5647,6.4535
32.2019,11.4337,11.5677,21.3488,26.5744,179.6338,135.0156,21.5275,16.6146,15.2747,10.6297,8.7539,9.4238
48.7996,11.9435,7.2385,21.4742,38.7260,309.8082,7.9020,3.3176,1.8096,8.3846,10.8578,16.0454,13.6928
69.7365,3.4571,2.6353,8.6427,11.3913,90.1672,180.6744,57.0700,10.7963,27.2032,22.1593,10.3712,5.6957
32.0085,2.9170,4.4796,26.8778,11.9023,3.3076,61.3085,116.2882,135.6912,80.4250,13.9858,5.3391,5.4693
21.0685,22.2849,14.3052,43.0615,143.3924,24.3285,35.5683,32.5029,27.5399,45.1051,43.0615,21.0685,26.7127
18.5614,8.9592,6.4300,29.0209,79.3896,23.7054,223.6368,16.3752,8.8306,27.3062,25.3344,18.4328,14.0175
15.0463,8.5241,4.4396,8.8308,10.4453,2.2440,86.7101,289.4320,40.9738,14.9172,12.8992,2.6153,2.9221
82.5378,120.4189,39.9538,15.5764,10.7716,5.1974,48.5821,110.6209,7.6233,10.8187,12.1534,8.1258,27.6199
382.4553,7.1966,2.3518,4.3744,3.6689,2.4459,2.6341,4.5626,4.5626,13.7347,16.7451,42.3330,12.9351
468.6929,2.1686,1.2669,3.6523,3.3327,1.3354,3.0017,3.2072,1.2098,4.7138,3.6751,1.1299,2.6137
110.1457,1.0630,2.0269,135.2052,71.8619,1.6584,0.7087,0.4252,1.1764,95.0646,78.0134,1.3182,1.3324
33.4608,8.2855,12.9746,277.2922,122.3709,13.1567,6.6011,2.1397,1.4113,4.3704,10.3342,4.5070,3.0957
79.0671,10.2974,19.1528,162.1226,91.0545,13.2041,9.1483,8.2695,7.1203,47.2510,33.7990,9.2384,10.2749
56.7940,11.5767,15.2498,121.6435,91.9799,12.6659,11.9060,11.7286,7.9542,61.5311,77.0341,9.4488,10.4874
91.1284,15.0764,17.8906,96.7569,89.7883,18.6277,14.4733,11.9941,11.9271,59.8365,50.5897,10.0509,11.8601
30.1110,10.3174,14.3546,126.2196,129.1354,22.5412,13.7939,12.5603,14.5789,40.9330,65.2125,10.7660,9.4763
31.0827,15.2687,17.7474,117.2417,63.6526,10.3113,31.2810,15.7149,9.1711,28.4553,59.3893,75.0545,25.6296
140.7894,72.7165,21.7449,18.9068,13.3030,7.0953,13.7015,25.7726,19.8609,23.1277,58.9304,17.1496,66.9014
325.0900,11.4652,2.1332,5.6275,6.1528,4.8053,7.8612,14.1739,14.8271,27.1464,36.1450,21.8934,22.6791
288.0344,14.8072,6.6333,19.7073,20.8200,15.3421,14.6146,24.4362,20.8628,32.6529,25.0139,5.9914,11.0840
151.7072,2.5680,6.3173,32.5879,83.2803,118.2153,89.4178,11.5714,0.2773,1.6795,1.0118,0.5341,0.8320
15.4527,1.8794,1.7123,4.0094,6.9328,5.5546,149.5991,266.9562,22.2603,13.7404,7.0581,2.3388,2.5058
27.6520,2.8393,2.8393,10.1638,11.5217,75.1378,290.8403,50.1605,9.3408,7.7360,4.9379,2.6747,4.1560
40.5521,6.6444,5.7870,20.3189,28.3350,309.5850,40.1235,11.4455,8.3162,7.3731,6.3443,6.5158,8.6591
66.7011,14.8225,9.7730,25.9257,40.5039,188.9727,58.9369,7.9542,6.0539,15.6369,17.3472,28.0704,19.3018
25.9971,2.2801,2.8034,12.1855,11.0642,14.2227,206.7619,169.8501,13.9984,18.9698,14.5030,3.7753,3.5884
41.8029,28.1530,28.5085,126.0486,71.0934,17.4179,16.5648,12.5124,7.6070,31.2811,69.8137,26.5889,22.6077
36.9036,16.7412,8.8496,38.7738,111.0756,184.7915,31.7945,7.1618,5.0178,15.0990,20.2992,8.6215,14.8709
19.7279,9.4723,6.1249,12.9976,11.9472,48.2515,134.2675,225.8742,4.3444,9.3654,8.6532,2.8488,6.1249
39.3915,52.2841,13.0710,19.4504,23.8669,15.1677,101.6685,154.8894,10.1713,9.5468,12.0896,8.2530,40.1499
64.1425,117.5839,19.3941,11.1596,11.6273,7.4275,45.4729,100.1706,7.5834,16.6156,16.9182,19.6875,62.2169
63.3034,94.1431,7.4292,12.3186,8.7422,3.9565,7.5501,45.4734,67.4153,69.4022,40.3939,39.8929,39.9793
34.3142,9.2503,8.2372,173.3327,127.0373,12.6861,8.9860,9.5146,8.7217,38.6750,23.2138,33.4332,12.5980
40.4604,10.0974,10.4505,252.3302,99.9506,11.7215,9.8503,7.9791,5.2606,21.7130,19.0298,4.9781,6.1785
39.8911,16.8692,15.8606,217.2071,63.3416,12.7087,12.6330,10.1871,9.0776,33.6376,40.7484,13.5912,14.2468
31.7006,10.8721,16.4225,186.5988,117.1321,22.8313,12.9892,9.7848,10.0137,43.3738,24.3763,6.2943,7.6104
31.6373,4.2923,5.2086,211.0924,180.3231,5.5221,5.3050,3.1830,2.6525,16.5903,25.8259,4.5093,3.8582
19.9288,19.6441,9.9644,39.7865,163.7722,10.4626,9.1103,8.2562,12.5979,25.9075,46.4057,106.1922,27.9715
105.7514,2.2087,6.6260,54.9519,165.8274,97.8885,24.7813,20.9382,6.7144,3.7106,6.6260,0.7951,3.1805
114.3275,16.0513,6.2338,19.8874,48.4441,11.1299,42.5763,38.1470,25.3262,35.9261,89.9604,21.0231,30.9669
12.5688,5.6260,6.8829,85.7673,199.7247,11.3718,9.7558,5.8056,5.7458,32.2600,109.1693,9.8157,5.5063
209.5743,44.3991,30.1595,34.5084,27.5105,10.2530,9.9038,8.7836,22.1863,23.1023,27.6028,17.3498,34.6666
200.8693,3.1773,14.3517,30.6497,62.0533,79.3284,64.0920,7.9740,1.3848,12.7053,19.1945,1.6617,2.5580
9.6235,1.8994,1.0974,4.5163,8.1462,22.0750,296.6402,129.1997,3.9676,11.0164,7.1754,1.6039,3.0390
23.1934,8.0917,6.9667,14.7988,18.5201,34.3141,297.2739,48.5504,10.0822,11.0342,8.0917,8.9572,10.1255
30.7595,17.4027,21.8387,39.5827,46.8461,216.9250,22.8137,19.2064,12.0893,16.3791,14.4779,19.2551,22.4237
64.3884,6.5169,4.4972,13.4647,22.5938,203.0215,38.9939,14.4611,7.2440,24.9636,35.4931,50.8429,13.5186
37.1927,16.4952,17.1927,57.2101,180.1046,17.9425,14.8736,13.0602,12.6765,42.6678,53.6007,20.4882,16.4952
18.4165,1.8889,1.0231,16.4883,257.5948,192.7436,4.6435,1.4167,0.3148,2.2037,1.6921,0.6690,0.9051
15.6381,4.9341,3.1823,11.2825,18.3703,95.8856,147.5410,185.1977,4.2752,5.5127,5.6573,1.0447,1.4786
27.0523,24.2178,9.4928,16.7840,21.4458,32.1954,151.4573,144.4959,9.6978,11.1953,13.5663,17.4704,20.9288
18.6442,9.0958,5.0231,18.7800,26.2467,5.3398,6.4712,10.4534,14.8882,190.7865,135.1706,39.4606,19.6398
79.4909,4.3412,2.7818,7.5445,15.9319,3.1611,4.0883,8.5139,26.0474,174.7029,145.8737,16.4798,11.0427
159.7221,36.8211,28.4698,70.2802,41.8641,8.3335,6.8403,7.7433,14.0560,61.2404,40.8359,9.1293,14.6641
136.9468,3.9288,1.5635,4.4901,14.1517,9.4612,64.2239,235.2069,7.1360,15.4747,4.0491,1.3631,2.0045
98.0491,0.2839,0.4387,4.4257,13.1997,5.4321,213.8654,139.1964,12.7997,9.6385,2.1548,0.1548,0.3613
39.8310,6.9542,11.1135,31.7906,30.4263,142.6206,137.7196,27.0485,24.5980,29.4593,9.4974,4.1725,4.7686
51.3069,17.8759,13.9889,31.3331,34.2501,217.1904,16.2737,15.5192,12.8609,22.9843,20.4624,23.5735,22.3808
74.9122,6.7728,4.7183,14.5092,24.3567,76.2015,123.0872,73.3535,8.2464,16.1670,42.2665,25.4477,9.9609
79.1910,8.8985,9.4836,24.3890,41.4974,171.3425,97.4871,9.3460,4.4406,7.0396,16.8158,21.7900,8.2788
415.5732,0.7792,0.4940,7.1660,8.0496,1.8576,0.9601,0.8488,1.0714,8.2514,38.4947,13.6015,2.8525
187.4768,10.3427,14.4859,13.7172,21.4507,10.7675,49.6302,83.4395,32.1339,33.6678,25.4152,8.3200,9.1527
386.2280,4.4340,1.8799,4.5566,4.8631,2.9219,9.6445,6.8860,4.0458,24.7037,33.3265,9.3380,7.1720
174.8359,6.3457,6.5646,39.4420,67.0678,34.6827,30.1969,35.3392,29.4311,30.0328,32.4945,6.1269,7.4398
99.3359,45.8156,56.7541,70.9914,46.0978,21.0088,3.7330,3.6679,10.7865,64.7843,40.3030,20.7483,15.9736
183.4217,56.2169,159.4524,46.3153,5.0860,1.1903,2.8135,1.7855,1.7855,3.7334,6.8716,5.4107,25.9171
42.2458,5.4138,6.6356,44.1961,136.2536,192.6897,63.0492,1.9839,0.2466,1.3563,0.7734,1.0312,4.1248
9.6401,1.1077,0.8682,28.3815,95.6829,110.2629,204.8979,31.6448,1.8861,5.7182,4.5506,2.9639,2.3951
22.8219,11.4322,14.0671,22.4394,22.4394,18.7845,132.2567,176.4131,24.0969,17.6371,17.2121,9.0948,11.3047
45.7743,14.8470,12.8369,22.6587,24.8058,116.1718,128.7803,30.1508,27.5468,18.7757,18.8214,19.2782,19.5523
48.9819,11.9640,9.9934,27.0714,60.9459,238.2472,18.2040,10.8379,8.6328,13.2777,12.6677,20.5968,18.5793
38.8184,6.4231,3.0658,8.5331,13.3008,63.3685,191.0729,116.4203,10.2816,15.7489,15.3758,9.3607,8.2300
35.4812,29.7716,17.6532,60.8250,189.1168,20.0419,19.1098,10.9532,9.0888,30.0047,40.7248,17.6532,19.5759
27.8570,15.5108,12.5245,40.4261,159.3867,88.1173,22.3302,9.8948,8.3794,50.7221,36.7713,13.6388,14.4411
19.7107,7.9752,5.3926,13.2851,14.6488,24.6281,163.5331,221.3843,6.9008,8.8223,7.9339,1.7562,4.0289
26.1446,23.7166,10.4925,19.4242,12.2702,6.2869,74.2716,268.6004,6.8071,12.6604,13.8744,5.5931,19.8578
78.2330,80.4998,49.2708,33.1751,10.7352,4.7831,40.8808,84.6342,15.6252,12.4246,20.1802,21.2993,48.2586
150.4968,14.6619,121.6173,73.4308,7.2300,2.1811,1.6156,3.6352,5.2104,19.9935,23.1036,58.2438,18.5799
85.8066,115.6901,193.9452,38.3032,4.4098,0.0293,0.0585,0.4683,1.4830,5.0342,6.2733,1.3366,47.1619
26.2891,16.8811,0.8948,4.5226,7.0620,0.9674,1.4511,0.2660,0.7981,4.1356,34.4152,99.2067,303.1102
148.2381,53.4265,52.8224,31.1620,23.5020,10.7158,11.3023,7.8887,11.8067,32.2236,33.9832,30.6400,52.2886
125.9015,9.0016,85.5759,167.9898,57.1582,5.0188,5.4898,10.9661,11.1276,10.3471,5.1668,1.4935,4.7632
83.1437,13.0652,70.1152,128.4131,35.7274,9.7805,7.2482,10.0925,50.4441,41.0672,20.0749,19.7813,11.0467
323.9480,5.1768,2.4885,2.4552,2.4885,1.7728,14.2486,88.0551,18.5349,13.1916,11.5520,9.6544,6.4335
268.8407,12.1436,10.2582,25.2960,24.3855,11.9396,15.4459,34.8024,10.2242,25.2734,30.4686,17.2973,13.6247
157.9175,24.9762,7.0494,9.7218,7.4827,6.4427,14.1565,26.1607,47.8144,55.1094,60.5264,44.7231,37.9193
81.1808,28.0774,15.8482,26.5162,25.3335,4.8254,11.9690,20.8629,53.4346,72.3342,64.1735,55.0904,40.3539
289.3323,3.0698,40.5657,85.4621,45.9379,4.1662,4.0566,6.1397,4.3855,6.2493,4.4403,3.5084,2.6861
62.9422,0.2666,3.1259,50.9596,114.8711,217.8080,45.8345,1.1025,0.2544,1.9507,0.6543,0.0242,0.2060
5.9947,0.6661,0.5273,33.2482,120.2265,177.3979,147.3135,2.7476,0.4996,1.7762,2.6921,3.1639,3.7467
11.3108,7.8913,7.1460,14.2920,12.4945,11.9246,191.4073,186.4095,14.5550,13.0206,12.2315,8.4612,8.8558
38.9721,11.4809,10.4494,23.1411,24.4417,117.9478,164.6784,26.0113,16.8177,15.4722,18.2976,17.0419,15.2480
50.2661,21.0471,13.3029,29.3139,63.9966,227.7651,8.5994,6.5089,4.0859,9.5021,17.1513,27.4610,20.9996
43.1513,4.3933,1.7685,7.0740,8.3398,118.9359,200.0633,41.4759,8.7866,19.8071,23.0649,15.4883,7.6511
53.8994,2.4147,1.0732,3.7861,9.3608,2.5638,171.2080,220.0394,4.9487,14.0711,11.0601,3.7861,1.7887
29.0563,23.9071,29.7394,63.4720,171.9735,29.5818,17.6019,11.9273,7.7238,23.6969,52.8583,20.0715,18.3901
27.4563,9.4857,9.6597,38.8565,185.5800,33.4610,26.3249,22.1913,36.1587,52.6934,35.1579,12.6186,10.3559
23.6118,12.0785,6.5006,14.2594,16.3983,58.3795,63.5380,235.9923,6.1231,15.4337,26.8411,10.1912,10.6526
45.5423,9.6495,8.5467,10.5455,11.5967,5.8759,36.8749,349.8466,5.2555,6.0826,5.4623,1.4302,3.2912
54.8186,156.9861,13.7047,11.8553,8.3192,3.3855,29.0539,55.4029,20.1022,33.0779,20.2949,17.3371,75.6617
39.7946,7.2240,4.1757,8.1844,8.1844,5.6372,13.7381,141.8908,162.0177,31.0256,25.3048,38.7924,14.0304
41.9580,7.4809,5.4887,10.0423,10.7741,11.4653,252.0329,84.9732,12.6037,19.5154,17.4419,10.9774,15.2464
23.0484,23.7549,11.7450,25.6093,41.5489,150.7418,135.5087,12.4514,7.3737,8.5659,9.4048,13.5553,36.6920
16.8097,2.8871,0.7825,7.4470,16.3780,132.9664,253.2243,40.9314,2.6982,7.8247,8.7961,4.3980,4.8567
98.6617,3.5056,3.7984,8.8038,13.1259,22.9326,51.3321,82.9443,70.9722,106.2940,31.4525,2.6358,3.5411
150.5100,7.9823,4.0798,8.5588,6.3415,3.4146,5.0554,13.6142,18.7140,84.3459,87.5388,86.2084,23.6364
277.6394,15.3195,7.0906,11.5528,12.7378,11.2972,24.7388,23.9442,12.0175,31.0596,34.3341,15.8748,22.3936
146.2448,48.7107,46.4634,48.7627,27.6698,6.0303,8.6419,13.7785,16.0605,29.8823,51.0273,26.6893,30.0385
142.7115,22.9648,65.1646,104.4585,20.6011,4.4021,6.1803,14.2039,13.3799,41.5058,39.1855,14.2690,10.9728
7.9750,72.5561,114.8154,42.0127,29.9679,16.3200,10.0715,12.5791,10.3182,11.9214,52.8241,63.2656,55.3729
50.1745,8.7260,19.3281,35.9075,56.8499,9.3805,8.8133,18.1065,48.2984,27.0942,98.0803,92.8883,26.3525
61.9755,18.0010,10.5740,25.2182,68.3115,17.8751,32.6452,53.1638,34.3236,36.2118,91.5156,25.1343,25.0504
35.2218,27.5189,19.8782,52.9258,104.1123,20.4373,16.2132,17.7662,15.1572,57.2121,73.3010,33.6067,26.6493
15.7405,15.1244,57.0804,73.3811,64.3625,49.6303,49.9664,32.8255,27.0558,34.5620,35.1781,27.5599,17.5330
14.5155,12.4691,11.5172,22.3682,26.2231,22.8441,141.2050,131.4011,30.1256,25.2713,26.0327,18.8464,17.1807
42.1249,11.2242,11.1333,23.5845,26.0384,83.2500,187.5852,26.4019,21.2669,18.9948,17.9042,16.5864,13.9053
40.5599,28.3112,16.9149,37.4192,77.3959,185.1669,13.2807,11.0373,4.8457,7.8518,11.3963,27.0998,38.7204
34.1872,3.4774,2.7058,7.0679,10.3189,60.6070,163.3128,130.4733,36.9033,17.3148,16.0700,11.4300,6.1317
35.1746,20.7025,19.1817,62.0094,197.2135,26.3932,14.9627,12.1664,10.1060,29.6801,40.6201,14.0797,17.7100
39.9514,17.9781,14.3014,29.8767,155.7235,67.6278,14.8515,13.4908,18.7598,38.3012,43.5701,29.5293,16.0384
14.9834,10.8488,6.2195,10.2481,10.9548,3.6752,14.3473,398.7208,5.8308,8.6579,8.7992,2.3677,4.3466
59.4532,101.6576,23.5183,10.4695,9.4093,9.4297,41.3073,137.2561,39.0952,12.8856,20.9595,7.9821,26.5765
64.1045,101.8115,15.9969,21.2764,17.0228,18.3573,37.9489,41.9607,25.1547,39.3251,31.8020,22.2856,62.9535
141.5206,5.0800,6.3923,30.6917,41.4867,68.4108,35.7294,25.8657,19.3887,37.2534,27.9824,47.9214,12.2767
60.6589,17.1089,102.6771,104.5624,49.3944,42.9844,40.4628,15.0822,14.6345,18.3579,13.0556,11.0053,10.0156
18.9338,18.5035,10.3782,14.2257,15.7191,27.4136,224.4469,34.2733,16.7569,27.4642,28.6286,35.6908,27.5654
38.2474,6.6764,8.6057,23.8200,55.5603,55.1287,182.3436,85.4728,14.5374,9.1218,7.7933,4.5778,8.1149
15.7157,10.3620,8.2205,16.2338,26.0776,141.3374,177.1553,26.5957,11.8127,15.4739,17.3045,12.8834,20.8276
40.4175,3.8417,2.6095,10.2493,16.6570,204.1316,144.2882,27.1093,5.5813,11.7715,14.8884,9.7420,8.7127
191.9194,6.6210,2.9696,6.3595,18.3734,87.7769,51.8705,34.8465,34.3702,36.3827,12.0326,6.5276,9.9501
17.1807,12.5293,8.0875,15.9655,17.8512,6.3694,27.7824,77.9836,99.7737,53.6373,63.3171,77.1455,22.3768
215.7802,21.9920,10.4535,18.2516,22.7518,23.7780,33.4286,28.7482,19.7008,28.7600,29.2457,22.0233,25.0862
157.8451,22.9137,6.2706,14.9686,16.2273,14.2831,20.5088,33.8705,31.4656,53.8175,52.6487,38.6128,36.5675
72.7193,13.9910,12.4064,31.5555,54.3119,42.5797,26.7683,25.3186,36.5788,104.6457,52.6937,10.3162,16.1149
37.5179,12.4015,13.7446,176.2178,30.7128,15.4011,18.8485,15.9384,4.2980,58.5154,85.8256,17.1024,13.4760
374.8591,5.1297,38.0496,58.1736,5.7497,2.0293,1.2965,1.4092,1.3529,2.4803,3.1567,2.9876,3.3258
57.4473,0.4917,2.8929,34.8640,90.4590,199.6364,67.4069,42.6624,1.0863,2.1383,0.4688,0.1029,0.3430
10.2682,1.2446,0.7920,12.3331,98.8912,144.8291,198.6875,17.6793,1.5841,4.4411,4.3279,2.7721,2.1498
16.1703,8.7038,10.2398,19.6262,18.6876,13.7810,161.4046,187.0893,16.7676,13.9090,14.6770,10.1545,8.7891
39.7861,19.2133,14.5913,25.1495,28.1856,151.4863,98.4231,24.5151,23.5635,21.6603,15.3163,16.3585,21.7510
59.5820,11.0716,7.0698,21.5207,34.1485,276.8786,16.5407,9.3819,3.6016,10.4491,16.7630,19.6976,13.2948
84.6741,3.0758,1.6464,6.1812,6.6840,56.9127,148.5272,102.2615,33.7848,27.9684,12.7470,10.0359,5.5010
47.8000,11.4549,11.9902,133.0693,99.1864,12.9536,20.8757,14.6130,15.2553,68.2475,45.8195,9.0997,9.6349
45.9339,7.5400,10.6393,26.9683,130.1693,23.8690,94.5046,17.5779,38.5790,34.3695,40.9844,18.5031,10.3617
14.0845,13.8505,5.2125,10.1060,10.2123,3.1488,60.6783,334.1347,11.5314,12.5527,11.9144,5.3189,7.2550
44.0507,7.0709,6.0549,12.6788,14.1011,14.0605,194.8147,175.5527,2.4789,4.5920,6.6645,3.9824,13.8979
319.8571,5.2059,3.4803,18.0953,14.9648,13.4549,22.5958,9.4907,9.8347,35.7068,30.8273,7.6602,8.8261
248.6224,3.1199,1.4587,2.3906,4.0113,1.0130,1.1345,4.0519,13.0065,48.5818,66.6532,85.0081,20.9481
143.8098,2.2608,0.1789,0.6018,0.9596,0.7644,2.1306,10.6206,30.7560,81.1268,98.0418,96.0575,32.6914
131.5004,43.0769,4.6154,3.9452,3.4425,4.5697,14.6687,17.3800,11.1196,25.7730,47.2049,97.7456,94.9581
85.9414,69.3791,39.9380,44.4247,56.1403,36.9745,15.2883,11.7986,6.3147,8.2535,8.8628,13.5712,103.1131
37.9942,70.2392,101.5421,118.9048,80.4299,4.9223,2.2497,5.8645,4.0186,5.3453,16.3629,6.9797,45.1469
42.0954,150.4417,90.2923,117.2707,13.5006,6.0331,3.3467,1.5026,1.3660,5.4412,6.0787,4.8948,57.7361
49.2740,125.4172,22.3632,7.6769,7.0511,4.0888,3.7550,2.5451,4.2974,21.2784,23.3228,14.9783,213.9519
61.9092,19.3192,6.0179,9.7887,9.1172,7.9550,13.1205,7.0252,4.5199,26.1119,34.2476,21.4629,279.4049
168.1321,12.0223,9.7344,24.9865,21.4875,42.4367,25.7491,11.4391,8.2541,32.4780,42.5265,50.6908,50.0628
363.0126,17.6821,6.8611,6.8611,3.9991,0.7449,1.0586,3.3718,3.9991,44.6562,13.6831,22.8182,11.2523
353.4899,19.8837,10.8910,16.0161,18.8674,8.4510,6.5923,6.2245,3.1914,13.8253,21.4656,5.8844,15.2173
14.4677,8.3790,4.9715,13.4622,14.0208,10.3340,60.0492,30.3877,25.4720,173.0533,135.2363,3.5750,6.5914
210.9011,26.8185,13.2170,22.6940,24.9206,19.9402,36.9157,24.9578,13.5953,17.5213,28.1644,29.4855,30.8686
196.8819,24.8134,12.0773,6.2363,4.3478,1.5371,2.5472,2.7668,3.3816,68.8186,83.1796,48.7484,44.6640
103.8547,0.6266,1.0263,35.7706,132.9487,148.5059,71.0443,4.5051,0.1621,0.7130,0.3781,0.1296,0.3349
5.7714,0.9331,0.3801,5.4603,62.4482,158.1421,238.4573,7.7067,2.7647,5.0111,4.3199,2.3500,6.2552
22.5645,7.1620,5.4362,13.5473,13.3316,7.6366,200.2761,184.0538,14.8417,11.2175,9.4918,5.3499,5.0910
55.4320,12.1007,11.9228,24.2014,24.1125,144.3634,121.4521,29.2286,20.4200,15.7042,14.9035,11.0330,15.1259
60.9610,16.7739,8.8374,23.9811,51.7804,244.7876,12.0120,5.8344,4.0326,10.1244,13.7709,24.1527,22.9515
39.6759,2.6294,1.3880,4.8874,6.7544,53.2140,188.3015,134.8921,31.3380,15.3855,11.3290,6.5296,3.6753
37.4920,14.8872,11.5992,41.4193,139.2821,27.2628,25.5731,23.2441,25.5274,50.4156,61.7865,25.3448,16.1659
34.2573,14.1187,17.2369,43.6553,77.9558,89.1728,24.0797,16.4573,12.5162,47.8562,76.0935,30.3162,16.2841
74.8784,19.8657,29.3818,63.3248,79.1850,25.6078,18.4302,19.0322,23.3619,48.0435,56.0778,23.3850,19.4258
40.9115,13.8909,4.1863,10.6560,16.2694,6.7551,61.2721,210.1708,15.4132,25.4507,35.1077,26.3070,33.6092
70.0538,121.1006,15.4275,15.2526,17.4222,12.3780,38.5888,47.3074,29.3203,20.1418,20.0968,9.7734,83.1367
43.1550,152.7069,30.3381,66.3371,14.8302,6.8968,12.9565,52.4837,24.0193,43.5935,12.6973,16.3849,23.6007
35.6737,4.2208,8.6445,107.3458,231.2094,71.4692,26.2581,6.4123,1.9886,2.6380,1.2987,1.5422,1.2987
87.5939,2.8673,1.5346,6.0577,11.3076,11.9538,22.2518,80.8093,90.6631,104.5958,32.0653,37.8806,10.4192
58.6592,90.5111,53.5312,16.1344,14.5085,21.1373,65.9551,20.1784,15.5090,29.0169,31.8936,43.1919,39.7732
18.2940,4.0884,4.3310,15.6607,20.8232,29.1387,260.4463,65.7612,18.9869,22.4517,18.1900,11.2951,10.5329
26.8193,7.5201,8.8266,12.7256,15.7809,122.9142,195.9756,63.0414,16.3056,12.4787,6.8514,4.4236,6.3371
12.5950,0.3274,0.1746,8.5785,73.5397,388.9592,11.9401,0.9168,0.9604,1.1132,0.8076,0.0000,0.0873
16.8518,2.9812,2.3222,68.5056,334.6514,56.5179,0.4080,0.0628,0.3452,1.6005,1.5377,2.1026,12.1132
117.1385,22.5709,19.5687,59.3417,68.7426,44.7254,48.4069,33.6920,13.1700,14.1671,15.1093,19.0099,24.3568
150.2169,14.2865,13.8161,29.5486,30.0800,111.2689,20.2188,16.6908,13.7551,24.4525,30.2978,26.4909,18.8773
83.6581,9.7928,10.8165,53.5520,114.6769,81.5244,24.0257,11.3345,10.0271,31.1421,46.7810,13.2462,9.4228
245.8571,14.0488,10.8011,29.0371,15.0919,47.7836,14.4187,16.3052,13.9304,33.0690,26.4700,15.2324,17.9549
392.8347,11.0582,2.1127,3.0118,1.7082,0.6743,1.4834,2.6522,4.4952,11.3279,19.0147,33.3543,16.2726
192.9564,23.5487,9.2863,13.3162,19.5421,13.5031,42.6235,64.8756,31.1179,18.6894,20.9321,21.7615,27.8472
443.0910,5.6485,1.3817,3.8804,5.7958,4.8186,15.5939,4.3676,0.9457,3.4595,3.8278,1.4944,5.6951
444.3406,2.1931,1.1506,2.1613,1.4557,0.4577,3.5407,6.4902,9.7258,12.2303,10.0309,3.2101,3.0131
133.8006,5.3940,1.7405,2.5089,2.1169,0.4861,24.7436,48.8914,94.5213,76.2066,70.5460,23.9910,15.0532
70.5371,12.0218,1.7560,5.1329,4.8087,4.4575,49.5461,67.0251,82.3158,83.8286,72.6713,29.7439,16.1552
79.2411,3.4987,0.0833,7.9137,4.0610,0.6039,22.2417,57.7700,95.9015,90.6535,90.8618,33.6332,13.5366
255.2499,76.8408,23.5843,17.0834,7.3641,2.6353,2.8602,6.2485,10.4309,17.6664,25.4345,10.5641,44.0376
15.0468,37.3244,49.6780,19.3794,25.6733,18.5597,14.3443,8.2260,2.2541,14.4614,128.4251,122.4532,44.1745
50.5276,6.9847,6.0930,17.9819,117.9472,35.7656,48.1003,39.4809,34.4529,57.6113,68.6828,8.6689,7.7030
26.7764,12.4086,13.9107,58.2550,113.5057,61.3245,26.8417,20.5068,25.6661,55.7079,53.0303,18.3516,13.7147
7.6091,58.4702,30.7369,29.3853,34.1410,86.0032,55.6167,40.2483,30.2863,29.7357,35.4926,35.5927,26.6820
13.3558,8.4784,7.7491,18.6890,16.1364,15.2247,163.2327,185.1126,21.6975,19.0993,11.8516,7.2477,12.1251
31.7308,8.9598,6.5997,17.7448,21.6783,121.7220,186.1888,30.5507,29.1521,16.2150,11.4948,8.7850,9.1783
38.6570,11.8404,7.5692,21.6263,42.7119,310.1211,12.2189,7.1907,3.4602,9.6237,8.3802,13.9490,12.6514
75.5563,5.4338,4.9163,15.0509,16.9915,219.5532,80.1708,14.7059,6.2101,14.1884,21.3472,16.9484,8.9270
12.2799,2.8913,1.6568,4.9380,5.8801,1.9817,240.1728,173.0232,5.7176,22.1233,20.6939,5.6527,2.9888
39.9922,17.0277,23.7474,74.1780,75.2871,13.2437,12.7218,13.6352,13.8961,73.9823,105.2323,17.8758,19.1806
25.8049,6.9247,10.4759,42.4953,219.6970,28.2907,22.6681,16.2169,30.8949,46.4607,34.3277,8.0492,7.6941
21.5722,9.1466,8.5857,27.7418,45.4742,209.1639,127.9230,9.3192,4.1419,11.3901,15.3594,3.8398,6.3422
27.1832,12.6972,7.0517,15.9129,15.9026,9.1610,101.8363,281.8413,5.1906,8.1891,6.6381,1.8818,6.5141
95.0089,24.6095,39.2052,25.5749,14.0050,7.2762,41.1792,149.7032,40.0265,13.8321,13.5439,15.8204,20.2150
111.1612,83.8530,34.5264,25.7143,20.8694,9.8342,22.9310,38.2972,17.0813,18.4094,21.6028,25.8645,69.8554
330.1453,9.6989,7.1208,12.3713,12.5162,5.0078,8.6103,14.8516,14.7943,24.1494,32.0487,13.8507,14.8347
192.8380,42.3275,22.3882,8.5427,5.2933,2.3358,6.7626,14.4953,23.8293,52.0947,49.5611,32.0235,47.5078
269.0822,26.6860,23.7310,25.7870,16.4228,7.0419,10.8708,17.5715,15.8568,39.0634,24.9546,7.8576,15.0743
129.5342,0.2178,0.2178,12.3316,107.9652,141.7832,101.0259,5.1294,0.2028,0.7660,0.5933,0.0451,0.1878
9.6514,3.9116,3.6139,8.8010,15.1361,53.4014,233.2483,132.1003,8.8010,11.2670,9.9065,5.1446,5.0170
17.9557,4.7736,5.1677,12.4376,18.0871,28.4225,288.7799,90.8295,9.6348,9.1968,6.7005,3.7663,4.2481
35.4721,7.2729,7.3175,25.3882,28.7792,286.5429,46.6714,11.8240,11.2886,10.7085,10.3070,9.0130,9.4146
58.3270,21.9465,11.0577,33.1308,58.7913,225.5845,5.6132,4.9802,2.7011,9.0740,15.6580,26.5468,26.5890
32.7434,2.9570,2.4606,6.6264,9.1949,91.9491,210.1662,75.0701,6.2810,20.8288,20.1381,16.3393,5.2450
45.1657,10.8186,10.5160,57.4974,44.5604,12.1047,11.9534,18.9136,61.7340,97.9725,85.9434,29.0513,13.7691
49.5252,18.7116,27.0899,107.8942,59.0207,22.9939,29.2311,38.4472,28.6725,27.5554,29.3241,23.4593,38.0748
32.6454,5.3876,3.7440,28.3536,283.0335,64.3320,12.1450,11.0492,10.6840,18.8111,11.5515,11.9167,6.3465
33.1078,17.7251,9.3441,17.9334,48.0479,143.7272,128.6569,56.6632,3.3837,8.3811,8.6153,5.6741,18.7402
54.9724,20.1422,7.0348,14.9284,29.4790,17.0500,77.4166,194.6453,14.2499,16.4917,16.9641,16.5776,20.0478
120.6537,29.0291,26.7004,31.1170,32.1609,31.1572,26.8610,26.8610,21.4005,28.4670,38.3843,55.1273,32.0806
48.2232,2.6963,1.9398,125.6789,166.4339,4.2093,2.6381,2.4635,3.2588,57.4759,68.9401,12.7250,3.3170
14.5070,3.5947,7.0181,239.2160,211.8709,8.9866,4.2794,2.4392,1.3266,2.9528,2.1825,0.6847,0.9415
18.0176,8.4082,14.9479,301.3613,93.9140,12.7680,11.5669,3.6035,3.2921,15.9712,9.0311,3.5145,3.6035
27.4568,6.6904,9.5143,230.9497,92.0584,13.2505,11.9906,10.5135,11.4693,47.5280,27.5002,5.7346,5.3436
29.3701,11.8047,16.1488,217.9620,79.7054,28.0008,17.1404,8.7827,6.4218,23.8927,37.2556,14.1656,9.3493
36.9242,7.8978,9.1168,195.8962,92.4882,13.9672,8.9390,12.9768,12.4689,47.6662,45.9394,8.7612,6.9582
67.8017,193.4128,12.8227,31.3921,30.8774,5.3178,8.0196,6.5615,5.7466,15.9105,28.5187,70.1175,23.5012
292.4400,29.1026,17.0434,21.7457,18.2261,7.3999,6.6353,9.5312,12.1523,24.5412,31.7452,11.7390,17.6981
256.8474,16.1692,48.2032,81.8424,39.5789,5.4248,5.9617,5.2255,8.9564,9.6982,10.4178,3.9800,7.6944
348.6282,16.8109,13.3309,7.5953,5.8737,4.6953,3.3143,4.1521,1.4454,3.5721,31.5872,36.4666,22.5281
457.0550,2.8685,2.0787,5.3214,3.3674,1.8708,12.7630,2.2449,1.0809,4.6562,3.2843,1.2888,2.1202
27.3438,15.1254,20.1217,27.4346,26.9804,60.2289,202.2620,33.6573,19.0770,19.5312,20.4397,14.4895,13.3085
41.8193,16.3063,11.4511,27.4368,39.1627,231.9989,22.5815,14.9322,13.0084,14.0161,20.5661,25.0092,21.7112
44.1843,4.3664,2.6199,7.9324,12.9538,74.5727,181.3220,100.2828,21.6451,14.7524,15.9064,12.0493,7.4126
30.2333,31.6356,23.3341,50.9872,152.1764,32.8696,20.6417,12.9011,9.2551,22.2123,46.3877,33.3184,34.0476
35.7209,13.2334,14.7140,55.9874,180.5941,19.2948,12.7707,10.3183,10.4109,65.1027,51.3604,16.2410,14.2513
19.7840,15.1265,7.7075,18.6712,86.3490,4.9048,65.3285,170.5960,6.1825,22.8753,44.1019,22.0922,16.2806
38.2062,13.6444,6.4790,14.9327,19.5686,34.2473,48.0140,207.1391,18.1769,31.4921,15.7508,10.2309,42.1180
35.7720,242.9900,6.2882,11.0105,9.2733,5.7499,14.4850,24.1742,19.5498,23.3545,20.0881,15.4270,71.8375
88.0997,12.3703,17.7352,13.7005,8.4686,4.3008,10.1534,172.7410,23.0558,53.4273,28.5537,49.0822,18.3116
97.0870,6.6484,8.6189,24.3660,21.4702,14.9760,184.8184,28.7526,34.3386,40.0274,20.7162,9.2186,8.9616
118.3663,17.6762,16.2501,43.7152,65.6597,67.0143,22.7470,13.0144,13.6533,16.9401,26.3508,28.5743,50.0383
52.1008,2.1741,0.9954,2.4885,5.4746,5.0555,6.7058,13.1758,73.5017,225.0629,83.5080,22.3963,7.3606
298.8635,20.0096,12.0058,26.2926,22.4908,11.2054,7.4436,4.8023,4.3621,16.0077,18.6890,36.5375,21.2902
181.5869,23.7998,20.0714,39.6380,39.1732,19.2367,24.7094,21.1109,16.7828,33.3457,41.0374,17.1776,22.3304
133.1578,39.7973,10.7493,19.3654,11.7659,7.1995,22.5485,32.8645,34.5810,43.0638,59.7127,40.2640,44.9303
111.5135,14.6486,33.9324,47.4730,31.4459,15.5405,17.5135,25.0270,34.7568,70.5135,61.8784,18.3784,17.3784
18.4395,13.2727,56.7880,187.8081,178.9439,9.1961,3.7922,2.9389,5.4039,6.2097,6.6363,2.4649,8.1058
144.0361,0.2053,0.1658,23.7151,131.0058,102.0864,48.8675,48.2911,0.2764,0.7581,0.2922,0.0869,0.2132
9.9732,2.5142,1.1733,6.2018,10.3503,34.2776,276.4834,122.6534,7.7942,10.8951,10.7694,3.1847,3.7295
20.0260,6.3719,5.9818,11.9636,18.6823,12.2237,276.8531,97.5293,14.4777,11.5301,9.7529,8.6259,5.9818
50.0000,10.3749,11.0288,28.2912,31.9965,185.3095,60.6800,23.4525,18.3958,19.4420,20.7062,21.1421,19.1805
63.2248,16.8400,9.1661,23.1071,42.9314,224.7613,21.7002,14.3673,5.5423,11.7667,17.4369,30.5252,18.6306
40.0561,4.4494,3.2212,5.9673,7.8328,37.8082,214.8800,125.6373,12.8499,16.0711,15.9089,9.0494,6.2685
28.1690,12.8752,14.9381,161.4028,120.7853,27.8845,13.3732,8.6072,7.5402,34.0731,48.7978,9.6031,11.9505
33.1630,16.7980,14.4168,129.6216,36.8430,10.1307,14.2870,21.0408,32.6435,75.4178,51.8660,36.4101,27.3617
