Shotbegin;Shotend
1;27
28;54
55;81
82;140
141;250
251;283
284;310
311;340
341;367
368;394
395;421
422;448
449;520
521;547
548;574
575;601
602;628
629;655
656;682
683;774
775;818
819;852
853;900
901;930
931;959
960;1140
1141;1265
1266;1292
1293;1319
1320;1346
1347;1373
1374;1401
1402;1428
1429;1455
1456;1490
1491;1640
1641;1840
1841;1870
1871;1910
1911;1937
1938;1964
1965;1991
1992;2298
2299;2326
2327;2353
2354;2380
2381;2458
2459;2989
2990;3016
3017;3047
3048;3080
3081;3107
3108;3134
3135;3190
3191;3396
3397;3423
3424;3450
3451;3477
3478;3540
3541;3608
3609;3667
3668;3786
3787;3813
3814;3840
3841;3867
3868;3910
3911;3960
3961;4000
4001;4027
4028;4054
4055;4081
4082;4108
4109;4135
4136;4162
4163;4228
4229;4298
4299;4470
4471;5720
5721;6701
6702;6786
6787;6828
6829;6896
6897;6983
6984;7200
7201;7280
7281;7380
7381;7510
7511;7720
7721;7791
7792;8219
8220;8246
8247;8278
8279;8336
8337;8363
8364;8390
8391;8417
8418;8444
8445;8471
8472;8499
8500;8529
8530;8556
8557;8583
8584;8610
8611;8637
8638;8674
8675;8736
8737;8789
8790;8816
8817;8843
8844;8870
8871;8897
8898;8924
8925;8951
8952;8978
8979;9005
9006;9032
9033;9059
9060;9086
9087;9113
9114;9140
9141;9167
9168;9194
9195;9221
9222;9417
9418;9462
9463;9489
9490;9516
9517;9560
9561;9587
9588;9614
9615;9641
9642;9668
9669;9695
9696;9722
9723;9754
9755;9781
9782;9808
9809;9835
9836;9898
9899;9925
9926;9970
9971;9997
9998;10024
10025;10051
10052;10084
10085;10111
10112;10138
10139;10165
10166;10192
10193;10219
10220;10310
10311;10350
10351;10377
10378;10404
10405;10431
10432;10498
10499;10600
10601;10627
10628;10678
10679;10705
10706;10732
10733;10759
10760;10860
10861;11085
11086;11112
11113;11140
11141;11175
11176;11202
11203;11229
11230;11256
11257;11283
11284;11310
11311;11337
11338;11370
11371;11397
11398;11424
11425;11451
11452;11497
11498;11524
11525;11551
11552;11578
11579;11605
11606;11632
11633;11659
11660;11686
11687;11713
11714;11740
11741;11770
11771;11797
11798;11824
11825;11930
11931;11990
11991;12091
12092;12122
12123;12345
12346;12372
12373;12400
12401;12427
12428;12458
12459;12485
12486;12512
12513;12539
12540;12566
12567;12593
12594;12620
12621;12647
12648;12685
12686;12712
12713;12739
12740;12766
12767;12793
12794;12834
12835;12861
12862;12898
12899;12925
12926;12952
12953;12979
12980;13006
13007;13033
13034;13060
13061;13087
13088;13114
13115;13141
13142;13205
13206;13232
13233;13400
13401;13460
13461;13520
13521;13610
13611;13696
13697;13810
13811;13861
13862;13997
13998;14134
14135;14161
14162;14247
14248;14274
14275;14301
14302;14328
14329;14355
14356;14382
14383;14410
14411;14437
14438;14464
14465;14491
14492;14518
14519;14567
14568;14594
14595;14621
14622;14648
14649;14675
14676;14702
14703;14729
14730;14756
14757;14783
14784;14810
14811;14837
14838;14864
14865;14891
14892;14918
14919;14945
14946;14972
14973;14999
15000;15026
15027;15231
15232;15613
15614;15922
15923;16074
16075;16120
16121;16257
16258;16334
16335;16575
16576;16677
16678;16923
16924;16950
16951;17008
17009;17169
17170;17196
17197;17229
17230;17256
17257;17283
17284;17310
17311;17337
17338;17364
17365;17391
17392;17418
17419;17450
17451;17477
17478;17504
17505;17531
17532;17558
17559;17592
17593;17619
17620;17646
17647;17681
17682;17708
17709;17735
17736;17762
17763;17789
17790;17816
17817;17843
17844;17870
17871;17897
17898;17924
17925;17951
17952;17978
17979;18005
18006;18144
18145;18171
18172;18198
18199;18226
18227;18253
18254;18280
18281;18307
18308;18370
18371;18426
18427;18535
18536;18799
18800;18859
18860;19056
19057;19083
19084;19171
19172;19198
19199;19225
19226;19252
19253;19279
19280;19306
19307;19333
19334;19367
19368;19394
19395;19421
19422;19470
19471;19507
19508;19534
19535;19561
19562;19588
19589;19615
19616;19642
19643;19669
19670;19696
19697;19723
19724;19750
19751;19777
19778;19804
19805;19831
19832;19858
19859;19885
19886;19924
19925;19951
19952;20043
20044;20140
20141;20244
20245;20290
20291;20646
20647;20673
20674;20700
20701;20757
20758;20810
20811;20860
20861;20887
20888;20966
20967;20993
20994;21020
21021;21047
21048;21074
21075;21101
21102;21128
21129;21155
21156;21210
21211;21370
21371;21423
21424;21450
21451;21477
21478;21540
21541;21687
21688;21714
21715;21757
21758;21784
21785;21811
21812;21838
21839;21865
21866;21892
21893;21919
21920;21946
21947;21973
21974;22000
22001;22027
22028;22054
22055;22081
22082;22108
22109;22135
22136;22164
22165;22191
22192;22250
22251;22277
22278;22304
22305;22331
22332;22358
22359;22385
22386;22412
22413;22453
22454;22504
22505;22554
22555;22585
22586;22612
22613;22639
22640;22666
22667;22795
22796;22829
22830;23001
23002;23032
23033;23059
23060;23086
23087;23134
23135;23161
23162;23188
23189;23215
23216;23242
23243;23269
23270;23296
23297;23337
23338;23364
23365;23391
23392;23418
23419;23445
23446;23480
23481;23553
23554;23580
23581;23607
23608;23634
23635;23661
23662;23688
23689;23715
23716;23742
23743;23769
23770;23796
23797;23823
23824;23850
23851;23877
23878;23904
23905;23931
23932;23989
23990;24016
24017;24043
24044;24083
24084;24137
24138;24398
24399;24790
24791;24817
24818;24913
24914;24940
24941;24967
24968;24994
24995;25021
25022;25129
25130;25178
25179;25205
25206;25259
25260;25287
25288;25331
25332;25358
25359;25522
25523;25573
25574;25601
25602;25637
25638;25664
25665;25711
25712;25843
25844;25870
25871;25963
25964;25990
25991;26017
26018;26044
26045;26071
26072;26098
26099;26125
26126;26152
26153;26179
26180;26206
26207;26233
26234;26260
26261;26287
26288;26314
26315;26341
26342;26368
26369;26395
26396;26422
26423;26449
26450;26483
26484;26510
26511;26537
26538;26568
26569;26595
26596;26622
26623;26663
26664;26690
26691;26717
26718;26744
26745;26771
26772;26830
26831;26977
26978;27029
27030;27056
27057;27194
27195;27238
27239;27327
27328;27354
27355;27381
27382;27427
27428;27454
27455;27481
27482;27508
27509;27535
27536;27562
27563;27589
27590;27616
27617;27643
27644;27670
27671;27697
27698;27724
27725;27751
27752;27778
27779;27840
27841;27883
27884;27910
27911;27937
27938;27990
27991;28047
28048;28074
28075;28101
28102;28128
28129;28164
28165;28191
28192;28218
28219;28245
28246;28272
28273;28299
28300;28326
28327;28353
28354;28380
28381;28450
28451;28525
28526;28681
28682;28708
28709;28735
28736;28797
28798;28824
28825;28851
28852;28878
28879;28905
28906;28932
28933;28959
28960;28997
28998;29024
29025;29051
29052;29078
29079;29114
29115;29141
29142;29168
29169;29195
29196;29222
29223;29249
29250;29276
29277;29303
29304;29330
29331;29357
29358;29384
29385;29411
29412;29438
29439;29465
29466;29492
29493;29519
29520;29546
29547;29622
29623;29649
29650;29750
29751;29792
29793;29820
29821;29859
29860;29886
29887;30022
30023;30133
30134;30244
30245;30271
30272;30298
30299;30325
30326;30352
30353;30379
30380;30406
30407;30433
30434;30460
30461;30487
30488;30514
30515;30550
30551;30580
30581;30607
30608;30677
30678;30718
30719;30778
30779;30805
30806;30842
30843;30869
30870;30896
30897;30923
30924;30950
30951;30977
30978;31004
31005;31031
31032;31058
31059;31085
31086;31112
31113;31139
31140;31225
31226;31252
31253;31279
31280;31306
31307;31333
31334;31430
31431;31460
31461;31487
31488;31528
31529;31561
31562;31695
31696;31722
31723;31749
31750;31776
31777;31836
31837;31863
31864;31890
31891;31917
31918;31944
31945;31971
31972;32002
32003;32029
32030;32056
32057;32083
32084;32110
32111;32137
32138;32164
32165;32198
32199;32225
32226;32252
32253;32279
32280;32360
32361;32387
32388;32420
32421;32447
32448;32474
32475;32501
32502;32528
32529;32555
32556;32582
32583;32609
32610;32636
32637;32708
32709;32735
32736;32762
32763;32789
32790;32819
32820;32869
32870;32896
32897;33022
33023;33049
33050;33076
33077;33103
33104;33150
33151;33177
33178;33204
33205;33270
33271;33365
33366;33465
33466;33492
33493;33519
33520;33568
33569;33595
33596;33622
33623;33649
33650;33676
33677;33703
33704;33730
33731;33757
33758;33784
33785;33811
33812;33838
33839;33865
33866;33894
33895;33921
33922;33948
33949;33975
33976;34003
34004;34030
34031;34057
34058;34094
34095;34121
34122;34148
34149;34175
34176;34202
34203;34229
34230;34256
34257;34283
34284;34310
34311;34337
34338;34364
34365;34391
34392;34418
34419;34445
34446;34472
34473;34499
34500;34577
34578;34622
34623;34649
34650;34775
34776;34891
34892;34984
34985;35011
35012;35038
35039;35082
35083;35109
35110;35136
35137;35163
35164;35190
35191;35217
35218;35244
35245;35273
35274;35310
35311;35337
35338;35364
35365;35391
35392;35418
35419;35445
35446;35498
35499;35525
35526;35552
35553;35579
35580;35606
35607;35633
35634;35660
35661;35687
35688;35714
35715;35741
35742;35768
35769;35795
35796;35822
35823;35849
35850;35876
35877;35970
35971;35997
35998;36055
36056;36082
36083;36118
36119;36145
36146;36172
36173;36357
36358;36489
36490;36601
36602;36628
36629;36655
36656;36682
36683;36709
36710;36736
36737;36763
36764;36790
36791;36817
36818;36844
36845;36871
36872;36915
36916;36942
36943;36995
36996;37022
37023;37049
37050;37076
37077;37103
37104;37130
37131;37157
37158;37184
37185;37211
37212;37265
37266;37292
37293;37319
37320;37362
37363;37430
37431;37484
37485;37526
37527;37553
37554;37706
37707;37767
37768;37817
37818;37880
37881;37980
37981;38007
38008;38034
38035;38061
38062;38088
38089;38115
38116;38142
38143;38169
38170;38196
38197;38223
38224;38250
38251;38279
38280;38306
38307;38333
38334;38360
38361;38387
38388;38414
38415;38449
38450;38476
38477;38503
38504;38530
38531;38557
38558;38584
38585;38611
38612;38638
38639;38665
38666;38692
38693;38719
38720;38790
38791;38817
38818;38844
38845;38871
38872;38898
38899;38925
38926;38952
38953;38979
38980;39010
39011;39037
39038;39207
39208;39240
39241;39280
39281;39399
39400;39555
39556;39713
39714;39740
39741;39767
39768;39794
39795;39830
39831;39857
39858;39884
39885;39911
39912;39938
39939;39965
39966;39995
39996;40022
40023;40049
40050;40076
40077;40103
40104;40145
40146;40205
40206;40232
40233;40259
40260;40286
40287;40313
40314;40340
40341;40367
40368;40394
40395;40421
40422;40448
40449;40475
40476;40502
40503;40670
40671;40710
40711;40755
40756;40811
40812;40927
40928;41096
41097;41123
41124;41156
41157;41183
41184;41210
41211;41251
41252;41278
41279;41305
41306;41353
41354;41380
41381;41407
41408;41434
41435;41461
41462;41488
41489;41515
41516;41545
41546;41572
41573;41599
41600;41626
41627;41653
41654;41680
41681;41734
41735;41761
41762;41788
41789;41815
41816;41842
41843;41869
41870;41896
41897;41928
41929;41955
41956;41982
41983;42009
42010;42036
42037;42063
42064;42090
42091;42117
42118;42144
42145;42171
42172;42198
42199;42225
42226;42252
42253;42279
42280;42320
42321;42458
42459;42488
42489;42530
42531;42577
42578;42609
42610;42639
42640;42666
42667;42765
42766;42974
42975;43095
43096;43122
43123;43149
43150;43176
43177;43203
43204;43230
43231;43257
43258;43284
43285;43311
43312;43338
43339;43365
43366;43392
43393;43438
43439;43465
43466;43492
43493;43519
43520;43546
43547;43573
43574;43600
43601;43627
43628;43654
43655;43681
43682;43708
43709;43735
43736;43762
43763;43789
43790;43867
43868;43894
43895;43931
43932;44013
44014;44132
44133;44159
44160;44186
44187;44236
44237;44427
44428;44513
44514;44600
44601;44708
44709;44834
44835;44861
44862;44888
44889;44915
44916;44942
44943;44969
44970;45000
45001;45027
45028;45054
45055;45081
45082;45108
45109;45141
45142;45185
45186;45240
45241;45267
45268;45294
45295;45321
45322;45348
45349;45375
45376;45413
45414;45440
45441;45467
45468;45494
45495;45521
45522;45584
45585;45611
45612;45638
45639;45665
45666;45692
45693;45769
45770;45796
45797;45834
45835;45972
45973;45999
46000;46070
46071;46264
46265;46382
46383;46409
46410;46436
46437;46466
46467;46493
46494;46520
46521;46547
46548;46574
46575;46601
46602;46628
46629;46655
46656;46682
46683;46709
46710;46736
46737;46763
46764;46793
46794;46820
46821;46858
46859;46885
46886;46912
46913;46939
46940;46966
46967;46993
46994;47020
47021;47047
47048;47074
47075;47101
47102;47128
47129;47186
47187;47233
47234;47269
47270;47300
47301;47327
47328;47383
47384;47435
47436;47482
47483;47530
47531;47557
47558;47584
47585;47639
47640;47666
47667;47715
47716;48033
48034;48140
48141;48167
48168;48194
48195;48221
48222;48248
48249;48275
48276;48302
48303;48329
48330;48356
48357;48383
48384;48410
48411;48437
48438;48464
48465;48491
48492;48518
48519;48561
48562;48588
48589;48615
48616;48642
48643;48669
48670;48696
48697;48723
48724;48750
48751;48777
48778;48804
48805;48831
48832;48858
48859;48885
48886;48912
48913;48941
48942;48977
48978;49004
49005;49031
49032;49152
49153;49190
49191;49220
49221;49261
49262;49306
49307;49333
49334;49360
49361;49387
49388;49420
49421;49457
49458;49565
49566;49671
49672;49698
49699;49730
49731;49757
49758;49784
49785;49811
49812;49838
49839;49865
49866;49892
49893;49919
49920;49946
49947;49973
49974;50000
50001;50027
50028;50084
50085;50111
50112;50145
50146;50172
50173;50212
50213;50239
50240;50266
50267;50295
50296;50322
50323;50349
50350;50376
50377;50403
50404;50430
50431;50457
50458;50484
50485;50511
50512;50538
50539;50565
50566;50649
50650;50676
50677;50730
50731;50818
50819;50884
50885;51003
51004;51190
51191;51241
51242;51300
51301;51327
51328;51355
51356;51428
51429;51455
51456;51482
51483;51509
51510;51536
51537;51563
51564;51590
51591;51617
51618;51644
51645;51671
51672;51698
51699;51740
51741;51767
51768;51794
51795;51821
51822;51848
51849;51875
51876;51902
51903;51929
51930;51956
51957;51983
51984;52010
52011;52037
52038;52064
52065;52091
52092;52118
52119;52145
52146;52172
52173;52208
52209;52327
52328;52364
52365;52391
52392;52427
52428;52454
52455;52492
52493;52602
52603;52887
52888;53005
53006;53032
53033;53059
53060;53086
53087;53116
53117;53143
53144;53170
53171;53197
53198;53224
53225;53251
53252;53280
53281;53307
53308;53334
53335;53361
53362;53388
53389;53415
53416;53442
53443;53486
53487;53513
53514;53540
53541;53567
53568;53594
53595;53621
53622;53648
53649;53675
53676;53702
53703;53729
53730;53756
53757;53783
53784;53810
53811;53837
53838;53864
53865;53891
53892;53918
53919;53961
53962;54003
54004;54030
54031;54100
54101;54178
54179;54320
54321;54353
54354;54417
54418;54620
54621;54647
54648;54674
54675;54701
54702;54741
54742;54768
54769;54795
54796;54822
54823;54849
54850;54876
54877;54903
54904;54944
54945;54971
54972;54998
54999;55025
55026;55070
55071;55097
55098;55124
55125;55158
55159;55185
55186;55212
55213;55239
55240;55266
55267;55293
55294;55320
55321;55347
55348;55374
55375;55401
55402;55428
55429;55455
55456;55482
55483;55530
55531;55633
55634;55660
55661;55687
55688;55746
55747;55891
55892;56082
56083;56109
56110;56136
56137;56163
56164;56190
56191;56217
56218;56244
56245;56271
56272;56298
56299;56325
56326;56352
56353;56379
56380;56406
56407;56433
56434;56460
56461;56487
56488;56514
56515;56541
56542;56568
56569;56595
56596;56671
56672;56698
56699;56755
56756;56810
56811;56847
56848;56908
56909;56939
56940;57013
57014;57040
57041;57067
57068;57094
57095;57121
57122;57148
57149;57175
57176;57202
57203;57229
57230;57256
57257;57283
57284;57310
57311;57337
57338;57364
57365;57391
57392;57596
57597;58001
58002;58349
58350;58376
58377;58403
58404;58922
58923;58949
58950;59033
59034;59060
59061;59087
59088;59114
59115;59141
59142;59168
59169;59196
59197;59223
59224;59250
59251;59277
59278;59304
59305;59340
59341;59367
59368;59394
59395;59433
59434;59460
59461;59487
59488;59514
59515;59541
59542;59568
59569;59595
59596;59622
59623;59649
59650;59676
59677;59703
59704;59754
59755;59782
59783;59809
59810;60111
60112;60310
60311;60380
60381;60527
60528;60554
60555;60581
60582;60608
60609;60644
60645;60671
60672;60698
60699;60725
60726;60752
60753;60779
60780;60810
60811;60837
60838;60864
60865;60891
60892;60918
60919;60956
60957;61000
61001;61027
61028;61054
61055;61081
61082;61108
61109;61135
61136;61162
61163;61189
61190;61216
61217;61243
61244;61270
61271;61300
61301;61340
61341;61367
61368;61394
61395;61421
61422;61448
61449;61507
61508;61534
61535;61702
61703;61729
61730;61770
61771;61800
61801;61827
61828;61854
61855;61939
61940;62056
62057;62212
62213;62239
62240;62266
62267;62317
62318;62344
62345;62371
62372;62398
62399;62425
62426;62452
62453;62479
62480;62529
62530;62556
62557;62583
62584;62610
62611;62637
62638;62664
62665;62691
62692;62718
62719;62745
62746;62789
62790;62816
62817;62843
62844;62870
62871;62897
62898;62924
62925;62951
62952;62978
62979;63005
63006;63150
63151;63200
63201;63258
63259;63599
63600;63679
63680;63741
63742;63824
63825;63851
63852;63878
63879;63942
63943;63969
63970;63996
63997;64023
64024;64050
64051;64077
64078;64110
64111;64137
64138;64164
64165;64191
64192;64218
64219;64250
64251;64277
64278;64304
64305;64339
64340;64366
64367;64393
64394;64420
64421;64447
64448;64474
64475;64501
64502;64528
64529;64555
64556;64582
64583;64609
64610;64636
64637;64769
64770;64796
64797;64928
64929;64955
64956;64982
64983;65011
65012;65090
65091;65117
65118;65172
65173;65269
65270;65298
65299;65471
65472;65583
65584;65610
65611;65637
65638;65679
65680;65706
65707;65733
65734;65760
65761;65787
65788;65814
65815;65841
65842;65868
65869;65895
65896;65922
65923;65949
65950;65989
65990;66016
66017;66090
66091;66117
66118;66158
66159;66185
66186;66212
66213;66239
66240;66266
66267;66293
66294;66320
66321;66347
66348;66374
66375;66401
66402;66470
66471;66497
66498;66590
66591;66805
66806;66885
66886;66912
66913;66939
66940;66966
66967;66993
66994;67160
67161;67257
67258;67284
67285;67311
67312;67352
67353;67379
67380;67406
67407;67433
67434;67460
67461;67487
67488;67514
67515;67541
67542;67568
67569;67595
67596;67622
67623;67649
67650;67676
67677;67703
67704;67730
67731;67761
67762;67788
67789;67815
67816;67851
67852;67947
67948;67974
67975;68001
68002;68028
68029;68055
68056;68082
68083;68109
68110;68136
68137;68163
68164;68190
68191;68217
68218;68244
68245;68271
68272;68298
68299;68325
68326;68361
68362;68388
68389;68415
68416;68467
68468;68549
68550;68576
68577;68603
68604;68643
68644;68670
68671;68712
68713;68869
68870;68968
68969;68995
68996;69022
69023;69056
69057;69083
69084;69110
69111;69137
69138;69164
69165;69191
69192;69218
69219;69250
69251;69277
69278;69304
69305;69331
69332;69358
69359;69385
69386;69417
69418;69510
69511;69537
69538;69564
69565;69591
69592;69618
69619;69645
69646;69672
69673;69699
69700;69726
69727;69753
69754;69780
69781;69810
69811;69874
69875;69942
69943;69969
69970;69996
69997;70023
70024;70060
70061;70110
70111;70338
70339;70386
70387;70468
70469;70594
70595;70621
70622;70668
70669;70702
70703;70729
70730;70756
70757;70783
70784;70810
70811;70837
70838;70864
70865;70891
70892;70918
70919;70945
70946;70972
70973;70999
71000;71026
71027;71053
71054;71080
71081;71117
71118;71179
71180;71206
71207;71233
71234;71276
71277;71303
71304;71330
71331;71357
71358;71384
71385;71411
71412;71438
71439;71471
71472;71498
71499;71525
71526;71552
71553;71579
71580;71606
71607;71656
71657;71720
71721;71760
71761;71805
71806;71890
71891;71917
71918;71944
71945;71971
71972;71998
71999;72109
72110;72220
72221;72247
72248;72274
72275;72332
72333;72359
72360;72386
72387;72413
72414;72440
72441;72467
72468;72497
72498;72524
72525;72551
72552;72578
72579;72605
72606;72632
72633;72659
72660;72686
72687;72763
72764;72790
72791;72817
72818;72844
72845;72871
72872;72898
72899;72925
72926;72952
72953;72979
72980;73006
73007;73033
73034;73060
73061;73087
73088;73114
73115;73141
73142;73168
73169;73224
73225;73256
73257;73283
73284;73333
73334;73491
73492;73579
73580;73649
73650;73847
73848;73952
73953;73979
73980;74006
74007;74033
74034;74060
74061;74087
74088;74114
74115;74141
74142;74168
74169;74195
74196;74222
74223;74268
74269;74295
74296;74322
74323;74349
74350;74376
74377;74403
74404;74430
74431;74457
74458;74484
74485;74511
74512;74538
74539;74565
74566;74592
74593;74619
74620;74646
74647;74735
74736;74802
74803;74849
74850;74876
74877;74905
74906;74932
74933;74995
74996;75022
75023;75060
75061;75100
75101;75150
75151;75177
75178;75268
75269;75375
75376;75494
75495;75521
75522;75548
75549;75590
75591;75617
75618;75644
75645;75671
75672;75698
75699;75725
75726;75752
75753;75779
75780;75806
75807;75833
75834;75860
75861;75890
75891;75924
75925;75951
75952;75978
75979;76005
76006;76032
76033;76059
76060;76092
76093;76129
76130;76156
76157;76183
76184;76210
76211;76237
76238;76264
76265;76291
76292;76318
76319;76345
76346;76372
76373;76399
76400;76426
76427;76516
76517;76610
76611;76679
76680;76785
76786;76826
76827;76905
76906;76932
76933;77052
77053;77093
77094;77120
77121;77152
77153;77209
77210;77236
77237;77263
77264;77290
77291;77317
77318;77344
77345;77380
77381;77407
77408;77434
77435;77461
77462;77488
77489;77515
77516;77550
77551;77612
77613;77651
77652;77678
77679;77705
77706;77732
77733;77759
77760;77786
77787;77813
77814;77840
77841;77867
77868;77894
77895;77921
77922;77948
77949;77975
77976;78050
78051;78178
78179;78244
78245;78271
78272;78303
78304;78396
78397;78439
78440;78466
78467;78493
78494;78520
78521;78547
78548;78787
78788;78857
78858;78938
78939;78965
78966;78997
78998;79037
79038;79064
79065;79091
79092;79118
79119;79145
79146;79172
79173;79199
79200;79226
79227;79253
79254;79280
79281;79307
79308;79334
79335;79375
79376;79402
79403;79429
79430;79456
79457;79483
79484;79510
79511;79537
79538;79564
79565;79591
79592;79618
79619;79645
79646;79672
79673;79699
79700;79726
79727;79753
79754;79827
79828;79910
79911;79987
79988;80020
80021;80051
80052;80100
80101;80127
80128;80154
80155;80181
80182;80239
80240;80536
80537;80563
80564;80590
80591;80680
80681;80707
80708;80734
80735;80761
80762;80788
80789;80815
80816;80842
80843;80869
80870;80912
80913;80939
80940;80966
80967;80993
80994;81020
81021;81055
81056;81082
81083;81109
81110;81136
81137;81163
81164;81199
81200;81226
81227;81253
81254;81280
81281;81307
81308;81334
81335;81361
81362;81388
81389;81415
81416;81442
81443;81469
81470;81548
81549;81575
81576;81602
81603;81743
81744;81770
81771;81821
81822;81848
81849;81875
81876;81930
81931;81957
81958;81984
81985;82181
82182;82300
82301;82327
82328;82354
82355;82381
82382;82410
82411;82437
82438;82464
82465;82491
82492;82518
82519;82545
82546;82580
82581;82607
82608;82634
82635;82661
82662;82688
82689;82718
82719;82745
82746;82937
82938;82999
83000;83026
83027;83053
83054;83080
83081;83107
83108;83134
83135;83161
83162;83188
83189;83223
83224;83250
83251;83277
83278;83304
83305;83331
83332;83358
83359;83385
83386;83412
83413;83604
83605;83631
83632;83658
83659;83690
83691;83788
83789;83828
83829;83895
83896;84021
84022;84048
84049;84135
84136;84162
84163;84189
84190;84216
84217;84243
84244;84270
84271;84300
84301;84343
84344;84370
84371;84397
84398;84424
84425;84451
84452;84480
84481;84507
84508;84554
84555;84634
84635;84661
84662;84688
84689;84715
84716;84742
84743;84769
84770;84796
84797;84823
84824;84850
84851;84913
84914;85003
85004;85030
85031;85093
85094;85218
85219;85245
85246;85272
85273;85310
85311;85380
85381;85407
85408;85434
85435;85461
85462;85516
85517;85686
85687;85833
85834;85921
85922;85948
85949;85975
85976;86002
86003;86067
86068;86094
86095;86121
86122;86148
86149;86175
86176;86202
86203;86229
86230;86267
86268;86294
86295;86321
86322;86348
86349;86375
86376;86402
86403;86429
86430;86477
86478;86504
86505;86538
86539;86576
86577;86614
86615;86641
86642;86709
86710;86738
86739;86815
86816;86875
86876;86902
86903;87079
87080;87370
87371;87420
87421;87500
87501;87565
87566;87606
87607;87633
87634;87660
87661;87687
87688;87714
87715;87741
87742;87768
87769;87795
87796;87822
87823;87849
87850;87880
87881;87907
87908;87934
87935;87961
87962;87988
87989;88015
88016;88056
88057;88083
88084;88110
88111;88239
88240;88266
88267;88323
88324;88350
88351;88377
88378;88417
88418;88445
88446;88472
88473;88499
88500;88526
88527;88553
88554;88580
88581;88659
88660;88686
88687;88713
88714;88740
88741;88767
88768;88902
88903;88929
88930;88956
88957;88983
88984;89010
89011;89042
89043;89069
89070;89096
89097;89170
89171;89343
89344;89461
89462;89488
89489;89515
89516;89542
89543;89574
89575;89601
89602;89628
89629;89655
89656;89682
89683;89709
89710;89756
89757;89783
89784;89810
89811;89837
89838;89864
89865;89891
89892;89979
89980;90006
90007;90186
90187;90213
90214;90255
90256;90282
90283;90309
90310;90336
90337;90363
90364;90390
90391;90417
90418;90444
90445;90471
90472;90512
90513;90539
90540;90566
90567;90593
90594;90620
90621;90647
90648;90674
90675;90701
90702;90728
90729;90757
90758;90784
90785;90922
90923;90984
90985;91107
91108;91134
91135;91219
91220;91246
91247;91273
91274;91300
91301;91327
91328;91354
91355;91381
91382;91408
91409;91454
91455;91481
91482;91508
91509;91535
91536;91562
91563;91595
91596;91630
91631;91657
91658;91684
91685;91711
91712;91738
91739;91765
91766;91792
91793;91819
91820;91846
91847;91873
91874;91900
91901;91927
91928;91954
91955;91981
91982;92008
92009;92035
92036;92092
92093;92120
92121;92242
92243;92269
92270;92399
92400;92426
92427;92453
92454;92506
92507;92534
92535;92605
92606;92632
92633;92659
92660;92686
92687;92713
92714;92740
92741;92781
92782;92808
92809;92835
92836;92862
92863;92889
92890;92916
92917;94633
94634;94901
94902;95954
95955;96137
96138;96179
96180;96206
96207;96272
96273;96299
96300;96326
96327;96353
96354;96380
96381;96407
96408;96434
96435;96461
96462;96488
96489;96543
96544;96570
96571;96597
96598;96624
96625;96651
96652;96678
96679;96705
96706;96767
96768;96800
96801;96827
96828;96854
96855;96881
96882;96929
96930;96956
96957;96988
96989;97015
97016;97057
97058;97084
97085;97114
97115;97141
97142;97168
97169;97223
97224;97273
97274;97300
97301;97355
97356;97382
97383;97409
97410;97436
97437;97463
97464;97490
97491;97520
97521;97547
97548;97574
97575;97601
97602;97628
97629;97655
97656;97697
97698;97742
97743;97787
97788;97814
97815;97841
97842;97868
97869;97895
97896;97922
97923;97949
97950;98421
98422;98448
98449;98475
98476;98502
98503;98529
98530;98556
98557;98583
98584;98610
98611;98639
98640;98666
98667;98693
98694;98720
98721;98798
98799;98855
98856;98882
98883;98909
98910;98936
98937;98963
98964;98990
98991;99017
99018;99044
99045;99087
99088;99114
99115;99141
99142;99168
99169;99195
99196;99222
99223;99249
99250;99276
99277;99350
99351;99729
99730;99820
99821;99847
99848;99874
99875;99901
99902;99928
99929;99955
99956;99982
99983;100009
100010;100036
100037;100063
100064;100090
100091;100117
100118;100144
100145;100171
100172;100198
100199;100225
100226;100301
100302;100406
100407;100472
100473;100499
100500;100749
100750;101529
101530;101720
101721;101776
101777;101810
101811;101837
101838;101864
101865;101909
101910;101936
101937;101963
101964;101990
101991;102017
102018;102044
102045;102071
102072;102126
102127;102153
102154;102180
102181;102207
102208;102234
102235;102261
102262;102295
102296;102322
102323;102362
102363;102389
102390;102416
102417;102443
102444;102470
102471;102497
102498;102524
102525;102551
102552;102578
102579;102605
102606;102632
102633;102659
102660;102686
102687;102964
102965;103655
103656;103812
103813;103839
103840;103866
103867;103893
103894;103930
103931;103957
103958;103984
103985;104011
104012;104038
104039;104065
104066;104092
104093;104119
104120;104146
104147;104173
104174;104200
104201;104227
104228;104265
104266;104292
104293;104320
104321;104361
104362;104388
104389;104415
104416;104442
104443;104469
104470;104496
104497;104523
104524;104550
104551;104577
104578;104604
104605;104631
104632;104658
104659;104810
104811;104837
104838;104864
104865;104891
104892;104918
104919;104945
104946;104972
104973;104999
105000;105317
105318;105344
105345;105371
105372;105398
105399;105445
105446;105472
105473;105499
105500;105526
105527;105553
105554;105580
105581;105620
105621;105647
105648;105686
105687;105713
105714;105740
105741;105767
105768;105799
105800;105826
105827;105853
105854;105880
105881;105907
105908;105934
105935;105961
105962;106563
106564;106590
106591;106617
106618;106644
106645;106671
106672;106698
106699;106725
106726;106752
106753;106779
106780;106806
106807;106833
106834;106860
106861;106955
106956;107033
107034;107065
107066;107092
107093;107119
107120;107146
107147;107173
107174;107200
107201;107227
107228;107254
107255;107281
107282;107308
107309;107335
107336;107362
107363;107389
107390;107416
107417;107443
107444;107470
107471;107497
107498;107524
107525;107551
107552;107578
107579;107605
107606;107632
107633;107659
107660;107686
107687;107727
107728;107754
107755;107806
107807;107833
107834;107860
107861;107887
107888;107914
107915;107941
107942;107968
107969;107995
107996;108022
108023;108130
108131;108157
108158;108220
108221;108247
108248;108274
108275;108301
108302;108328
108329;108366
108367;108393
108394;108420
108421;108447
108448;108474
108475;108501
108502;108528
108529;108555
108556;108582
108583;108609
108610;108636
108637;108663
108664;108690
108691;108717
108718;108748
108749;108876
108877;109080
109081;109107
109108;109134
109135;109161
109162;109188
109189;109215
109216;109242
109243;109304
109305;109331
109332;109406
109407;109499
109500;109534
109535;109561
109562;109588
109589;109615
109616;109642
109643;109669
109670;109698
109699;109725
109726;109752
109753;109860
109861;109887
109888;109937
109938;110024
110025;110090
110091;110118
110119;110145
110146;110172
110173;110199
110200;110240
110241;110270
110271;110297
110298;110380
110381;110434
110435;110551
110552;110745
110746;110810
110811;110928
110929;110973
110974;111073
111074;111100
111101;111127
111128;111154
111155;111181
111182;111221
111222;111248
111249;111275
111276;111302
111303;111329
111330;111356
111357;111444
111445;111471
111472;111498
111499;111525
111526;111650
111651;111881
111882;112056
112057;112268
112269;113331
113332;113715
113716;113880
113881;113910
113911;113943
113944;114784
114785;114929
114930;114956
114957;114983
114984;115010
115011;115037
115038;115069
115070;115096
115097;115151
115152;115178
115179;115205
115206;115232
115233;115259
115260;115286
115287;115320
115321;115356
115357;115394
115395;115421
115422;115448
115449;115475
115476;115502
115503;115529
115530;115556
115557;115583
115584;115610
115611;115637
115638;115664
115665;115691
115692;115718
115719;115754
115755;115781
115782;115808
115809;115864
115865;115891
115892;115918
115919;115968
115969;116000
116001;116114
116115;116274
116275;116301
116302;116328
116329;116565
116566;116680
116681;116707
116708;116734
116735;116761
116762;116808
116809;116835
116836;116862
116863;116889
116890;116920
116921;116947
116948;116974
116975;117001
117002;117028
117029;117055
117056;117082
117083;117109
117110;117136
117137;117163
117164;117190
117191;117217
117218;117244
117245;117271
117272;117298
117299;117325
117326;117400
117401;117427
117428;117454
117455;117481
117482;117508
117509;117535
117536;117562
117563;117618
117619;117645
117646;117672
117673;117813
117814;117876
117877;117918
117919;117945
117946;117972
117973;118164
118165;118191
118192;118221
118222;118248
118249;118275
118276;118302
118303;118329
118330;118375
118376;118402
118403;118474
118475;118587
118588;118614
118615;118641
118642;118668
118669;118695
118696;118724
118725;118814
118815;118867
118868;118894
118895;118921
118922;118948
118949;119014
119015;119060
119061;119087
119088;119114
119115;119141
119142;119168
119169;119195
119196;119252
119253;119309
119310;119407
119408;119434
119435;119461
119462;119580
119581;119724
119725;119796
119797;119950
119951;119996
119997;120023
120024;120158
120159;120200
120201;120348
120349;120375
120376;120402
120403;120429
120430;120456
120457;120483
120484;120510
120511;120537
120538;120564
120565;120591
120592;120628
120629;120655
120656;120682
120683;120709
120710;120736
120737;120763
120764;120790
120791;120817
120818;120955
120956;121000
121001;121027
121028;121054
121055;121081
121082;121108
121109;121135
121136;121162
121163;121189
121190;121216
121217;121243
121244;121270
121271;121297
121298;121324
121325;121351
121352;121378
121379;121468
121469;121495
121496;121522
121523;121557
121558;121618
121619;121667
121668;121746
121747;121907
121908;122232
122233;122605
122606;122632
122633;122659
122660;122706
122707;122733
122734;122760
122761;122787
122788;122814
122815;122841
122842;122868
122869;122898
122899;122938
122939;122965
122966;122992
122993;123081
123082;123108
123109;123135
123136;123162
123163;123189
123190;123216
123217;123243
123244;123270
123271;123297
123298;123324
123325;123351
123352;123378
123379;123405
123406;123432
123433;123504
123505;123531
123532;123671
123672;123720
123721;123820
123821;123847
123848;123874
123875;123901
123902;124132
124133;124214
124215;124252
124253;124279
124280;124306
124307;124333
124334;124362
124363;124389
124390;124416
124417;124443
124444;124470
124471;124497
124498;124525
124526;124552
124553;124579
124580;124606
124607;124633
124634;124660
124661;124687
124688;124720
124721;124747
124748;124774
124775;124801
124802;124828
124829;124855
124856;124882
124883;124909
124910;124936
124937;124963
124964;124990
124991;125017
125018;125044
125045;125080
125081;125107
125108;125134
125135;125161
125162;125188
125189;125215
125216;125242
125243;125269
125270;125380
125381;125460
125461;125487
125488;125530
125531;125561
125562;125588
125589;125615
125616;125642
125643;125669
125670;125706
125707;125888
125889;125923
125924;125952
125953;125979
125980;126006
126007;126053
126054;126080
126081;126107
126108;126134
126135;126161
126162;126188
126189;126215
126216;126242
126243;126269
126270;126296
126297;126323
126324;126364
126365;126391
126392;126440
126441;126467
126468;126494
126495;126521
126522;126548
126549;126575
126576;126610
126611;126641
126642;126668
126669;126709
126710;126736
126737;126763
126764;126790
126791;126817
126818;126844
126845;126871
126872;126898
126899;126940
126941;127006
127007;127033
127034;127118
127119;127157
127158;127184
127185;127211
127212;127247
127248;127300
127301;127327
127328;127385
127386;127583
127584;127630
127631;127747
127748;127774
127775;127801
127802;127828
127829;127855
127856;127882
127883;127910
127911;127937
127938;127964
127965;127991
127992;128020
128021;128053
128054;128080
128081;128107
128108;128183
128184;128210
128211;128237
128238;128264
128265;128291
128292;128318
128319;128345
128346;128372
128373;128399
128400;128426
128427;128453
128454;128480
128481;128507
128508;128540
128541;128610
128611;128637
128638;128860
128861;128887
128888;128941
128942;128980
128981;129007
129008;129034
129035;129071
129072;129098
129099;129378
129379;129405
129406;129432
129433;129466
129467;129493
129494;129520
129521;129547
129548;129574
129575;129601
129602;129628
129629;129657
129658;129684
129685;129711
129712;129738
129739;129765
129766;129792
129793;129819
129820;129846
129847;129873
129874;129940
129941;129994
129995;130021
130022;130048
130049;130075
130076;130102
130103;130135
130136;130172
130173;130266
130267;130293
130294;130320
130321;130347
130348;130374
130375;130401
130402;130428
130429;130455
130456;130482
130483;130509
130510;130536
130537;130563
130564;130690
130691;130720
130721;130747
130748;130774
130775;130890
130891;130960
130961;131012
131013;131099
131100;131126
131127;131153
131154;131180
131181;131207
131208;131234
131235;131265
131266;131292
131293;131319
131320;131346
131347;131373
131374;131400
131401;131449
131450;131476
131477;131503
131504;131530
131531;131557
131558;131584
131585;131611
131612;131638
131639;131665
131666;131692
131693;131719
131720;131746
131747;131773
131774;131800
131801;131827
131828;131888
131889;131915
131916;131942
131943;132045
132046;132072
132073;132170
132171;132197
132198;132224
132225;132251
132252;132278
132279;132305
132306;132335
132336;132362
132363;132454
132455;132626
132627;132673
132674;132702
132703;132729
132730;132756
132757;132791
132792;132818
132819;132845
132846;132872
132873;132899
132900;132926
132927;132953
132954;132985
132986;133012
133013;133039
133040;133066
133067;133093
133094;133120
133121;133147
133148;133178
133179;133205
133206;133232
133233;133263
133264;133300
133301;133385
133386;133412
133413;133439
133440;133480
133481;133511
133512;133538
133539;133565
133566;133592
133593;133619
133620;133646
133647;133673
133674;133700
133701;133727
133728;133754
133755;133781
133782;133808
133809;133835
133836;133862
133863;133889
133890;133916
133917;133970
133971;133997
133998;134089
134090;134166
134167;134193
134194;134252
134253;134361
134362;134452
134453;134606
134607;134633
134634;134660
134661;134687
134688;134721
134722;134748
134749;134775
134776;134802
134803;134829
134830;134856
134857;134892
134893;134919
134920;134946
134947;134973
134974;135008
135009;135035
135036;135062
135063;135096
135097;135141
135142;135168
135169;135195
135196;135222
135223;135249
135250;135276
135277;135303
135304;135330
135331;135357
135358;135401
135402;135428
135429;135455
135456;135482
135483;135521
135522;135591
135592;135683
135684;135710
135711;135737
135738;135764
135765;135791
135792;135926
135927;136050
136051;136077
136078;136140
136141;136200
136201;136241
136242;136476
136477;136534
136535;136572
136573;136599
136600;136666
136667;136693
136694;136720
136721;136747
136748;136774
136775;136801
136802;136828
136829;136857
136858;136884
136885;136911
136912;136938
136939;136965
136966;136992
136993;137019
137020;137046
137047;137073
137074;137100
137101;137127
137128;137154
137155;137181
137182;137208
137209;137235
137236;137262
137263;137289
137290;137316
137317;137343
137344;137370
137371;137397
137398;137424
137425;137451
137452;137478
137479;137569
137570;137620
137621;137662
137663;137689
137690;137730
137731;137830
137831;137872
137873;137921
137922;137948
137949;137975
137976;138002
138003;138029
138030;138056
138057;138083
138084;138110
138111;138137
138138;138164
138165;138191
138192;138218
138219;138245
138246;138272
138273;138299
138300;138326
138327;138353
138354;138380
138381;138413
138414;138453
138454;138499
138500;138526
138527;138553
138554;138580
138581;138607
138608;138634
138635;138701
138702;138728
138729;138755
138756;138782
138783;138809
138810;138888
138889;138915
138916;138942
138943;138969
138970;139020
139021;139065
139066;139092
139093;139119
139120;139146
139147;139173
139174;139200
139201;139227
139228;139254
139255;139281
139282;139310
139311;139337
139338;139364
139365;139391
139392;139418
139419;139445
139446;139472
139473;139499
139500;139675
139676;140523
140524;140559
140560;140672
140673;140699
140700;140726
140727;140753
140754;140780
140781;140807
140808;140840
140841;140867
140868;140894
140895;140921
140922;140948
140949;141004
141005;141031
141032;141068
141069;141095
141096;141122
141123;141149
141150;141176
141177;141203
141204;141230
141231;141257
141258;141284
141285;141311
141312;141380
141381;141410
141411;141437
141438;141539
141540;141566
141567;141593
141594;141620
141621;142015
142016;142083
142084;142128
142129;142179
142180;142206
142207;142233
142234;142260
142261;142287
142288;142316
142317;142354
142355;142381
142382;142408
142409;142435
142436;142462
142463;142489
142490;142520
142521;142547
142548;142574
142575;142601
142602;142628
142629;142655
142656;142682
142683;142709
142710;142773
142774;142800
142801;142827
142828;142854
142855;142938
142939;142976
142977;143003
143004;143030
143031;143057
143058;143084
143085;143111
143112;143138
143139;143165
143166;143192
143193;143219
143220;143300
143301;143327
143328;143460
143461;143506
143507;143533
143534;143711
143712;143779
143780;143956
143957;144068
144069;144095
144096;144122
144123;144149
144150;144176
144177;144203
144204;144240
144241;144267
144268;144294
144295;144321
144322;144348
144349;144378
144379;144405
144406;144480
144481;144530
144531;144557
144558;144584
144585;144611
144612;144638
144639;144665
144666;144692
144693;144719
144720;144746
144747;144800
144801;144839
144840;144866
144867;144988
144989;145015
145016;145050
145051;145242
145243;145314
145315;145520
145521;145553
145554;145623
145624;145650
145651;145677
145678;145704
145705;145731
145732;145758
145759;145785
145786;145812
145813;145850
145851;145877
145878;145904
145905;145931
145932;146052
146053;146079
146080;146106
146107;146133
146134;146160
146161;146187
146188;146214
146215;146241
146242;146268
146269;146295
146296;146322
146323;146349
146350;146376
146377;146403
146404;146497
146498;146540
146541;146605
146606;146632
146633;146659
146660;146686
146687;147057
147058;147084
147085;147130
147131;147280
147281;147307
147308;147334
147335;147361
147362;147388
147389;147415
147416;147442
147443;147469
147470;147496
147497;147523
147524;147550
147551;147577
147578;147604
147605;147631
147632;147658
147659;147685
147686;147712
147713;147739
147740;147766
147767;147811
147812;147838
147839;147865
147866;147892
147893;147919
147920;147946
147947;147973
147974;148000
148001;148027
148028;148054
148055;148130
148131;148190
148191;148280
148281;148307
148308;148334
148335;148394
148395;148421
148422;148448
148449;148477
148478;148749
148750;148808
148809;149095
149096;149122
149123;149150
149151;149177
149178;149205
149206;149250
149251;149277
149278;149304
149305;149331
149332;149358
149359;149385
149386;149412
149413;149439
149440;149466
149467;149493
149494;149535
149536;149562
149563;149589
149590;149633
149634;149661
149662;149688
149689;149715
149716;149742
149743;149769
149770;149796
149797;149831
149832;149858
149859;149885
149886;149912
149913;149939
149940;149966
149967;149993
149994;150020
150021;150047
150048;150074
150075;150115
150116;150142
150143;150239
150240;150280
150281;150307
150308;150334
150335;150543
150544;150581
150582;150608
150609;150635
150636;150662
150663;150703
150704;150829
150830;150918
150919;150945
150946;150972
150973;150999
151000;151045
151046;151072
151073;151099
151100;151126
151127;151153
151154;151197
151198;151224
151225;151251
151252;151278
151279;151306
151307;151333
151334;151360
151361;151387
151388;151430
151431;151491
151492;151518
151519;151545
151546;151572
151573;151599
151600;151626
151627;151653
151654;151680
151681;151726
151727;151753
151754;151780
151781;151807
151808;151834
151835;151872
151873;151915
151916;151942
151943;152053
152054;152080
152081;152132
152133;152214
152215;152391
152392;152418
152419;152445
152446;152472
152473;152502
152503;152529
152530;152556
152557;152583
152584;152610
152611;152637
152638;152664
152665;152712
152713;152750
152751;152780
152781;152807
152808;152834
152835;152861
152862;152910
152911;152960
152961;152996
152997;153023
153024;153050
153051;153077
153078;153104
153105;153132
153133;153159
153160;153227
153228;153281
153282;153308
153309;153335
153336;153362
153363;153389
153390;153416
153417;153443
153444;153470
153471;153497
153498;153573
153574;153600
153601;153627
153628;153654
153655;153681
153682;153708
153709;153856
153857;153910
153911;153946
153947;153973
153974;154000
154001;154027
154028;154146
154147;154205
154206;154232
154233;154259
154260;154292
154293;154319
154320;154346
154347;154373
154374;154400
154401;154427
154428;154460
154461;154494
154495;154538
154539;154565
154566;154612
154613;154639
154640;154666
154667;154693
154694;154720
154721;154747
154748;154774
154775;154808
154809;154860
154861;154887
154888;154914
154915;154941
154942;154968
154969;154995
154996;155022
155023;155049
155050;155076
155077;155103
155104;155130
155131;155213
155214;155270
155271;155329
155330;155432
155433;155459
155460;155558
155559;155585
155586;155612
155613;155642
155643;155703
155704;155730
155731;155757
155758;155821
155822;155890
155891;155995
155996;156022
156023;156049
156050;156078
156079;156105
156106;156132
156133;156159
156160;156186
156187;156213
156214;156240
156241;156267
156268;156303
156304;156330
156331;156357
156358;156384
156385;156416
156417;156443
156444;156470
156471;156516
156517;156543
156544;156570
156571;156597
156598;156624
156625;156651
156652;156678
156679;156705
156706;156732
156733;156759
156760;156812
156813;156839
156840;156866
156867;156893
156894;156930
156931;157010
157011;157037
157038;157064
157065;157100
157101;157127
157128;157371
157372;157405
157406;157450
157451;157477
157478;157505
157506;157722
157723;157749
157750;157776
157777;157803
157804;157830
157831;157882
157883;157924
157925;157951
157952;157978
157979;158036
158037;158067
158068;158141
158142;158168
158169;158195
158196;158222
158223;158249
158250;158324
158325;158351
158352;158378
158379;158448
158449;158500
158501;158527
158528;158609
158610;158646
158647;158880
158881;158974
158975;159001
159002;159099
159100;159126
159127;159157
159158;159184
159185;159211
159212;159238
159239;159265
159266;159307
159308;159334
159335;159374
159375;159401
159402;159428
159429;159455
159456;159482
159483;159509
159510;159546
159547;159573
159574;160069
160070;160096
160097;160212
160213;160239
160240;160266
160267;160293
160294;160320
160321;160347
160348;160374
160375;160401
160402;160428
160429;160455
160456;160490
160491;160517
160518;160544
160545;160571
160572;160598
160599;160625
160626;160652
160653;160690
160691;160717
160718;160744
160745;160795
160796;160830
160831;160857
160858;160898
160899;160925
160926;160952
160953;160991
160992;161027
161028;161104
161105;161131
161132;161171
161172;161206
161207;161233
161234;161260
161261;161489
161490;161544
161545;161580
161581;161613
161614;161651
161652;161761
161762;161943
161944;162057
162058;162358
162359;162393
162394;162708
162709;162811
162812;162954
162955;163105
163106;163235
163236;163852
163853;164038
164039;164177
164178;164230
164231;164257
164258;164284
164285;164311
164312;164344
164345;164371
164372;164416
164417;164443
164444;164470
164471;164498
164499;164610
164611;164678
164679;164830
164831;164880
164881;164922
164923;164952
164953;165014
165015;165142
165143;165212
165213;165395
165396;165440
165441;165467
165468;165529
165530;165580
165581;165607
165608;165679
165680;165706
165707;165733
165734;165760
165761;165787
165788;165814
165815;165842
165843;165869
165870;165896
165897;165923
165924;165950
165951;165977
165978;166004
166005;166031
166032;166080
166081;166113
166114;166140
166141;166203
166204;166230
166231;166257
166258;166284
166285;166311
166312;166338
166339;166365
166366;166392
166393;166423
166424;166450
166451;166477
166478;166504
166505;166630
166631;166657
166658;166870
166871;166927
166928;166977
166978;167030
167031;167057
167058;167084
167085;167111
167112;167138
167139;167165
167166;167192
167193;167220
167221;167272
167273;167519
167520;167546
167547;167573
167574;167601
167602;167628
167629;167655
167656;167682
167683;167709
167710;167736
167737;167763
167764;167800
167801;167827
167828;167854
167855;167881
167882;167908
167909;167935
167936;167962
167963;167989
167990;168016
168017;168050
168051;168092
168093;168140
168141;168167
168168;168194
168195;168221
168222;168248
168249;168275
168276;168302
168303;168329
168330;168356
168357;168383
168384;168410
168411;168437
168438;168464
168465;168491
168492;168518
168519;168545
168546;168572
168573;168599
168600;168626
168627;168653
168654;168680
168681;168707
168708;168734
168735;168761
168762;168789
168790;168850
168851;168970
168971;168997
168998;169043
169044;169070
169071;169097
169098;169124
169125;169151
169152;169192
169193;169219
169220;169349
169350;169376
169377;169432
169433;169459
169460;169486
169487;169513
169514;169540
169541;169567
169568;169594
169595;169630
169631;169657
169658;169684
169685;169711
169712;169738
169739;169765
169766;169792
169793;169850
169851;169877
169878;169904
169905;169931
169932;169958
169959;169985
169986;170012
170013;170039
170040;170066
170067;170093
170094;170120
170121;170147
170148;170174
170175;170201
170202;170228
170229;170255
170256;170282
170283;170316
170317;170343
170344;170370
170371;170397
170398;170424
170425;170451
170452;170478
170479;170505
170506;170532
170533;170559
170560;170586
170587;170669
170670;170696
170697;170978
170979;171008
171009;171061
171062;171400
171401;171540
171541;171758
171759;172091
172092;172376
172377;172516
172517;172593
172594;172791
172792;172818
172819;172845
172846;172930
172931;172957
172958;172984
172985;173011
173012;173038
173039;173065
173066;173100
173101;173127
173128;173154
173155;173181
173182;173208
173209;173257
173258;173301
173302;173346
173347;173373
173374;173400
173401;173427
173428;173454
173455;173481
173482;173508
173509;173535
173536;173562
173563;173589
173590;173616
173617;173643
173644;173670
173671;173697
173698;173724
173725;173751
173752;173778
173779;173805
173806;173832
173833;173859
173860;173916
173917;173943
173944;174038
174039;174065
174066;174140
174141;174253
174254;174440
174441;174477
174478;174568
174569;174608
174609;174635
174636;174741
174742;174768
174769;174795
174796;174822
174823;174850
174851;174877
174878;174904
174905;174931
174932;174958
174959;174985
174986;175017
175018;175044
175045;175071
175072;175098
175099;175125
175126;175161
175162;175191
175192;175218
175219;175245
175246;175330
175331;175357
175358;175384
175385;175411
175412;175438
175439;175465
175466;175492
175493;175519
175520;175546
175547;175573
175574;175600
175601;175627
175628;175670
175671;175697
175698;175724
175725;175751
175752;175778
175779;175950
175951;176019
176020;176051
176052;176078
176079;176134
176135;176179
176180;176250
176251;176277
176278;176304
176305;176409
176410;176436
176437;176483
176484;176510
176511;176720
176721;176747
176748;176946
176947;176973
176974;177000
177001;177054
177055;177081
177082;177108
177109;177135
177136;177162
177163;177189
177190;177235
177236;177262
177263;177289
177290;177316
177317;177343
177344;177370
177371;177397
177398;177424
177425;177462
177463;177520
177521;177565
177566;177592
177593;177628
177629;177655
177656;177682
177683;177727
177728;177760
177761;177789
177790;177826
177827;177853
177854;177880
177881;177907
177908;177934
177935;177961
177962;177988
177989;178040
178041;178095
178096;178203
178204;178230
178231;178374
178375;178403
178404;178430
178431;178464
178465;178544
178545;178572
178573;178600
178601;178643
178644;178763
178764;178990
178991;179048
179049;179186
179187;179213
179214;179261
179262;179297
179298;179324
179325;179360
179361;179558
179559;179651
179652;180000
180001;180474
180475;180576
180577;180720
180721;180780
180781;180852
180853;180892
180893;180919
180920;181030
181031;181057
181058;181084
181085;181126
181127;181153
181154;181180
181181;181207
181208;181234
181235;181261
181262;181288
181289;181321
181322;181348
181349;181375
181376;181402
181403;181443
181444;181470
181471;181497
181498;181524
181525;181551
181552;181584
181585;181661
181662;181688
181689;181715
181716;181742
181743;181769
181770;181796
181797;181823
181824;181850
181851;181877
181878;181920
181921;181964
181965;182100
182101;182127
182128;182322
182323;182350
182351;182377
182378;182454
182455;182481
182482;182508
182509;182614
182615;182708
182709;182898
182899;182925
182926;183011
183012;183038
183039;183065
183066;183092
183093;183119
183120;183146
183147;183190
183191;183217
183218;183244
183245;183271
183272;183298
183299;183325
183326;183352
183353;183387
183388;183442
183443;183522
183523;183549
183550;183610
183611;183652
183653;183702
183703;183755
183756;183782
183783;183810
183811;183837
183838;183864
183865;183891
183892;183918
183919;183945
183946;183972
183973;183999
184000;184026
184027;184053
184054;184080
184081;184107
184108;184134
184135;184197
184198;184224
184225;184281
184282;184308
184309;184350
184351;184390
184391;184417
184418;184512
184513;184539
184540;184566
184567;184600
184601;184627
184628;184657
184658;184684
184685;184711
184712;184769
184770;184901
184902;184990
184991;185034
185035;185061
185062;185088
185089;185132
185133;185159
185160;185186
185187;185213
185214;185240
185241;185267
185268;185294
185295;185330
185331;185357
185358;185384
185385;185432
185433;185459
185460;185486
185487;185513
185514;185548
185549;185575
185576;185614
185615;185663
185664;185702
185703;185766
185767;185794
185795;185821
185822;185848
185849;186015
186016;186042
186043;186091
186092;186140
186141;186182
186183;186209
186210;186236
186237;186263
186264;186290
186291;186317
186318;186344
186345;186371
186372;186398
186399;186425
186426;186452
186453;186510
186511;186570
186571;186728
186729;186800
186801;186873
186874;186900
186901;187108
187109;187157
187158;187215
187216;187271
187272;187347
187348;187374
187375;187405
187406;187432
187433;187465
187466;187492
187493;187519
187520;187550
187551;187577
187578;187650
187651;187684
187685;187796
187797;187860
187861;187887
187888;187914
187915;187941
187942;187978
187979;188010
188011;188055
188056;188110
188111;188218
188219;188260
188261;188290
188291;188317
188318;188344
188345;188403
188404;188460
188461;188487
188488;188530
188531;188557
188558;188584
188585;188611
188612;188673
188674;188735
188736;188762
188763;188846
188847;188900
188901;188932
188933;188970
188971;188997
188998;189024
189025;189053
189054;189090
189091;189117
189118;189144
189145;189171
189172;189198
189199;189262
189263;189350
189351;189377
189378;189437
189438;189497
189498;189746
189747;189775
189776;189802
189803;189830
189831;189857
189858;189884
189885;189924
189925;189951
189952;189978
189979;190010
190011;190050
190051;190087
190088;190114
190115;190291
190292;190881
190882;191595
191596;191653
191654;191680
191681;191720
191721;191763
191764;191798
191799;191889
191890;191916
191917;191943
191944;191970
191971;191997
191998;192024
192025;192051
192052;192078
192079;192105
192106;192132
192133;192159
192160;192186
192187;192213
192214;192240
192241;192267
192268;192358
192359;192385
192386;192490
192491;192526
192527;192570
192571;192601
192602;192688
192689;192715
192716;192742
192743;192769
192770;192796
192797;192823
192824;192850
192851;192905
192906;192932
192933;192959
192960;193008
193009;193035
193036;193062
193063;193089
193090;193116
193117;193143
193144;193170
193171;193197
193198;193224
193225;193251
193252;193278
193279;193305
193306;193440
193441;193600
193601;194882
194883;194934
194935;194973
194974;195356
195357;195383
195384;195410
195411;195437
195438;195464
195465;195491
195492;195518
195519;195728
195729;195755
195756;195782
195783;195809
195810;195836
195837;195863
195864;195890
195891;195917
195918;195944
195945;195971
195972;195998
195999;196025
196026;196052
196053;196285
196286;196312
196313;196339
196340;196366
196367;196393
196394;196453
196454;196480
196481;196507
196508;196534
196535;196561
196562;196788
196789;198062
198063;198114
198115;198171
198172;198198
198199;198225
198226;198252
198253;198279
198280;198306
198307;198333
198334;198360
198361;198387
198388;198414
198415;198458
198459;198485
198486;198512
198513;198539
198540;198573
198574;198600
198601;198627
198628;198654
198655;198681
198682;198708
198709;198735
198736;198762
198763;198789
198790;198816
198817;198843
198844;199081
199082;199205
199206;199264
199265;199291
199292;199318
199319;199345
199346;199372
199373;199399
199400;199431
199432;199458
199459;199485
199486;199512
199513;199539
199540;199566
199567;199593
199594;199620
199621;199647
199648;199674
199675;199701
199702;199728
199729;199755
199756;199782
199783;199809
199810;199836
199837;199904
199905;199931
199932;199958
199959;199985
199986;200012
200013;200039
200040;200066
200067;200093
200094;200120
200121;200147
200148;200174
200175;200201
200202;200228
200229;200255
200256;200282
200283;200309
200310;200336
200337;200363
200364;200390
200391;200421
200422;200448
200449;200475
200476;200502
200503;200539
200540;200569
200570;200596
200597;200623
200624;200658
200659;200685
200686;200712
200713;200739
200740;200766
200767;200793
200794;200820
200821;200847
200848;200874
200875;200901
200902;200928
200929;200964
200965;200991
200992;201018
201019;201045
201046;201107
201108;201195
201196;201222
201223;201256
201257;201353
201354;201380
201381;201512
201513;201539
201540;201762
201763;201789
201790;201816
201817;201867
201868;201894
201895;201928
201929;201955
201956;202526
202527;202553
202554;202580
202581;202607
202608;202634
202635;202661
202662;202688
202689;202715
202716;202858
202859;202885
202886;202932
202933;202959
202960;202986
202987;203013
203014;203040
203041;203067
203068;203094
203095;203121
203122;203148
203149;203422
203423;203555
203556;203793
203794;203820
203821;203847
203848;203874
203875;203901
203902;203928
203929;203987
203988;204024
204025;204078
204079;204300
204301;204545
204546;204720
204721;204747
204748;204774
204775;204801
204802;204828
204829;204860
204861;204890
204891;204929
204930;205007
205008;205095
205096;205252
205253;205452
205453;205681
205682;205754
205755;205888
205889;206284
206285;206311
206312;206338
206339;206380
206381;206436
206437;206463
206464;206666
206667;206950
206951;207104
207105;207224
207225;207857
207858;207884
207885;207911
207912;207938
207939;207965
207966;208050
208051;208083
208084;208125
208126;208154
208155;208181
208182;208383
208384;208410
208411;208437
208438;208466
208467;208493
208494;208528
208529;208590
208591;208628
208629;208675
208676;208750
208751;208777
208778;208906
208907;208933
208934;208961
208962;208988
208989;209060
209061;209153
209154;209267
209268;209382
209383;209540
209541;209624
209625;209699
209700;210190
210191;210511
210512;210542
210543;210578
210579;210685
210686;210761
210762;210935
210936;211079
211080;211280
211281;211377
211378;211532
211533;211559
211560;211636
211637;211753
211754;211780
211781;211807
211808;212041
212042;212150
212151;212227
212228;212886
212887;213271
213272;214484
214485;214954
214955;214981
214982;215008
215009;215035
215036;215062
215063;215089
215090;215521
215522;215561
215562;215588
215589;215633
215634;215663
215664;215690
215691;215717
215718;215744
215745;215771
215772;215804
215805;215831
215832;215858
215859;215885
215886;215912
215913;215939
215940;215966
215967;215993
215994;216020
216021;216047
216048;216074
216075;216101
216102;216128
216129;216155
216156;216182
216183;216209
216210;216236
216237;216263
216264;216290
216291;216317
216318;216344
216345;216371
216372;216398
216399;216425
216426;216461
216462;216488
216489;216515
216516;216542
216543;216569
216570;216596
216597;216623
216624;216650
216651;216677
216678;216704
216705;216731
216732;216758
216759;216785
216786;216812
216813;216850
216851;216877
216878;216913
216914;216963
216964;216990
216991;217166
217167;217480
217481;217507
217508;217534
217535;217561
217562;217588
217589;217615
217616;217642
217643;217669
217670;217696
217697;217723
217724;217757
217758;217784
217785;217811
217812;217838
217839;217865
217866;217892
217893;217919
217920;217946
217947;217973
217974;218016
218017;218056
218057;218083
218084;218230
218231;218358
218359;218385
218386;218412
218413;218557
218558;218597
218598;218646
218647;218673
218674;218767
218768;218794
218795;218839
218840;218866
218867;218901
218902;218931
218932;218992
218993;219090
219091;219154
219155;219214
219215;219296
219297;219323
219324;219350
219351;219377
219378;219404
219405;219431
219432;219458
219459;219485
219486;219512
219513;219539
219540;219566
219567;219646
219647;219673
219674;219771
219772;219798
219799;219825
219826;219852
219853;219879
219880;219906
219907;219933
219934;219960
219961;219987
219988;220014
220015;220041
220042;220068
220069;220117
220118;220171
220172;220198
220199;220225
220226;220252
220253;220279
220280;220306
220307;220446
220447;220473
220474;220539
220540;220583
220584;220643
220644;220722
220723;220801
220802;220971
220972;220998
220999;221089
221090;221138
221139;221222
221223;221312
221313;221339
221340;221432
221433;221459
221460;221571
221572;221598
221599;221625
221626;221652
221653;221680
221681;221735
221736;221765
221766;221837
221838;221888
221889;221984
221985;222071
222072;222098
222099;222146
222147;222173
222174;222249
222250;222302
222303;222332
222333;222371
222372;222402
222403;222429
222430;222456
222457;222483
222484;222513
222514;222540
222541;222567
222568;222594
222595;222633
222634;222671
222672;222698
222699;222736
222737;222763
222764;222908
222909;222935
222936;222962
222963;222989
222990;223016
223017;223208
223209;223235
223236;223262
223263;223289
223290;223316
223317;223343
223344;223370
223371;223596
223597;223623
223624;223650
223651;223677
223678;223704
223705;223731
223732;223758
223759;223835
223836;223862
223863;223889
223890;223916
223917;223943
223944;223970
223971;224038
224039;224065
224066;224168
224169;224195
224196;224222
224223;224249
224250;224276
224277;224303
224304;224330
224331;224357
224358;224503
224504;224650
224651;224790
224791;224817
224818;224861
224862;224939
224940;224992
224993;225036
225037;225102
225103;225184
225185;225296
225297;225323
225324;225365
225366;225393
225394;225420
225421;225493
225494;225523
225524;225550
225551;225577
225578;225604
225605;225631
225632;225658
225659;225685
225686;225725
225726;225752
225753;225779
225780;225830
225831;225857
225858;225884
225885;225936
225937;225986
225987;226067
226068;226094
226095;226121
226122;226148
226149;226175
226176;226202
226203;226229
226230;226263
226264;226290
226291;226317
226318;226361
226362;226412
226413;226487
226488;226539
226540;226592
226593;226619
226620;226670
226671;226714
226715;226741
226742;226837
226838;226864
226865;226891
226892;226918
226919;226945
226946;226981
226982;227008
227009;227035
227036;227062
227063;227089
227090;227116
227117;227143
227144;227170
227171;227197
227198;227224
227225;227251
227252;227278
227279;227305
227306;227332
227333;227359
227360;227414
227415;227445
227446;227472
227473;227499
227500;227534
227535;227580
227581;227633
227634;227680
227681;227716
227717;227837
227838;227864
227865;227891
227892;227942
227943;227969
227970;227996
227997;228023
228024;228050
228051;228120
228121;228183
228184;228210
228211;228237
228238;228264
228265;228291
228292;228362
228363;228389
228390;228416
228417;228446
228447;228473
228474;228500
228501;228527
228528;228554
228555;228581
228582;228608
228609;228635
228636;228662
228663;228689
228690;228716
228717;228743
228744;228770
228771;228797
228798;228824
228825;228851
228852;228878
228879;228905
228906;228932
228933;228959
228960;228986
228987;229013
229014;229040
229041;229067
229068;229094
229095;229121
229122;229148
229149;229175
229176;229202
229203;229229
229230;229424
229425;229451
229452;229478
229479;229505
229506;229532
229533;229559
229560;229586
229587;229718
229719;229745
229746;229772
229773;229819
229820;229855
229856;229882
229883;229909
229910;229936
229937;229963
229964;229995
229996;230022
230023;230049
230050;230076
230077;230103
230104;230130
230131;230157
230158;230184
230185;230211
230212;230290
230291;230317
230318;230344
230345;230385
230386;230424
230425;230451
230452;230478
230479;230505
230506;230558
230559;230585
230586;230612
230613;230639
230640;230692
230693;230719
230720;231020
231021;231894
231895;232061
232062;232088
232089;232181
232182;232240
232241;232353
232354;232380
232381;232464
232465;232516
232517;232543
232544;232570
232571;232644
232645;232760
232761;232787
232788;232952
232953;233116
233117;233143
233144;233170
233171;233203
233204;233291
233292;233372
233373;233410
233411;233437
233438;233464
233465;233491
233492;233910
233911;233981
233982;234017
234018;234044
234045;234071
234072;234144
234145;234193
234194;234277
234278;234729
234730;234851
234852;234953
234954;235031
235032;235078
235079;235168
235169;235532
235533;235660
235661;235776
235777;236148
236149;236797